serial_number,part_number,lot_number,work_order,produced_at
TF96-20260727-0001,TF-GEN-001,LOT-2026-100,WO-2026-1000,2026-07-27T22:41:00.000Z
TF96-20260726-0002,TF-GEN-001,LOT-2026-100,WO-2026-1000,2026-07-26T12:08:00.000Z
TF96-20260726-0003,TF-GEN-001,LOT-2026-100,WO-2026-1000,2026-07-26T18:49:00.000Z
TF96-20260727-0004,TF-GEN-001,LOT-2026-100,WO-2026-1000,2026-07-27T18:46:00.000Z
TF96-20260728-0005,TF-GEN-001,LOT-2026-100,WO-2026-1000,2026-07-28T02:25:00.000Z
TF96-20260726-0006,TF-GEN-001,LOT-2026-100,WO-2026-1000,2026-07-26T00:30:00.000Z
TF96-20260725-0007,TF-GEN-001,LOT-2026-100,WO-2026-1000,2026-07-25T21:46:00.000Z
TF96-20260726-0008,TF-GEN-001,LOT-2026-100,WO-2026-1000,2026-07-26T20:52:00.000Z
TF96-20260728-0009,TF-GEN-001,LOT-2026-100,WO-2026-1000,2026-07-28T14:00:00.000Z
TF96-20260726-0010,TF-GEN-001,LOT-2026-100,WO-2026-1000,2026-07-26T03:04:00.000Z
TF96-20260724-0011,TF-GEN-001,LOT-2026-100,WO-2026-1000,2026-07-24T23:59:00.000Z
TF96-20260727-0012,TF-GEN-001,LOT-2026-100,WO-2026-1000,2026-07-27T01:09:00.000Z
TF96-20260724-0013,TF-GEN-001,LOT-2026-100,WO-2026-1000,2026-07-24T00:23:00.000Z
TF96-20260724-0014,TF-GEN-001,LOT-2026-100,WO-2026-1000,2026-07-24T16:50:00.000Z
TF96-20260727-0015,TF-GEN-001,LOT-2026-100,WO-2026-1000,2026-07-27T03:05:00.000Z
TF96-20260722-0016,TF-GEN-001,LOT-2026-100,WO-2026-1000,2026-07-22T14:56:00.000Z
TF96-20260724-0017,TF-GEN-001,LOT-2026-100,WO-2026-1000,2026-07-24T16:00:00.000Z
TF96-20260728-0018,TF-GEN-001,LOT-2026-100,WO-2026-1000,2026-07-28T15:30:00.000Z
TF96-20260723-0019,TF-GEN-001,LOT-2026-100,WO-2026-1000,2026-07-23T17:58:00.000Z
TF96-20260722-0020,TF-GEN-001,LOT-2026-100,WO-2026-1000,2026-07-22T14:41:00.000Z
TF96-20260725-0021,TF-GEN-001,LOT-2026-100,WO-2026-1000,2026-07-25T19:22:00.000Z
TF96-20260724-0022,TF-GEN-001,LOT-2026-100,WO-2026-1000,2026-07-24T21:30:00.000Z
TF96-20260727-0023,TF-GEN-001,LOT-2026-100,WO-2026-1000,2026-07-27T23:59:00.000Z
TF96-20260722-0024,TF-GEN-001,LOT-2026-100,WO-2026-1000,2026-07-22T20:46:00.000Z
TF96-20260728-0025,TF-GEN-001,LOT-2026-100,WO-2026-1001,2026-07-28T12:05:00.000Z
TF96-20260727-0026,TF-GEN-001,LOT-2026-100,WO-2026-1001,2026-07-27T23:40:00.000Z
TF96-20260727-0027,TF-GEN-001,LOT-2026-100,WO-2026-1001,2026-07-27T19:49:00.000Z
TF96-20260727-0028,TF-GEN-001,LOT-2026-100,WO-2026-1001,2026-07-27T14:57:00.000Z
TF96-20260725-0029,TF-GEN-001,LOT-2026-100,WO-2026-1001,2026-07-25T03:12:00.000Z
TF96-20260727-0030,TF-GEN-001,LOT-2026-100,WO-2026-1001,2026-07-27T22:55:00.000Z
TF96-20260723-0031,TF-GEN-001,LOT-2026-100,WO-2026-1001,2026-07-23T13:36:00.000Z
TF96-20260725-0032,TF-GEN-001,LOT-2026-100,WO-2026-1001,2026-07-25T17:19:00.000Z
TF96-20260724-0033,TF-GEN-001,LOT-2026-100,WO-2026-1001,2026-07-24T13:48:00.000Z
TF96-20260723-0034,TF-GEN-001,LOT-2026-100,WO-2026-1001,2026-07-23T21:12:00.000Z
TF96-20260722-0035,TF-GEN-001,LOT-2026-100,WO-2026-1001,2026-07-22T12:55:00.000Z
TF96-20260726-0036,TF-GEN-001,LOT-2026-100,WO-2026-1001,2026-07-26T18:40:00.000Z
TF96-20260729-0037,TF-GEN-001,LOT-2026-100,WO-2026-1001,2026-07-29T02:53:00.000Z
TF96-20260722-0038,TF-GEN-001,LOT-2026-100,WO-2026-1001,2026-07-22T21:57:00.000Z
TF96-20260722-0039,TF-GEN-001,LOT-2026-100,WO-2026-1001,2026-07-22T13:36:00.000Z
TF96-20260728-0040,TF-GEN-001,LOT-2026-100,WO-2026-1001,2026-07-28T20:28:00.000Z
TF96-20260724-0041,TF-GEN-001,LOT-2026-100,WO-2026-1001,2026-07-24T13:06:00.000Z
TF96-20260723-0042,TF-GEN-001,LOT-2026-100,WO-2026-1001,2026-07-23T16:47:00.000Z
TF96-20260723-0043,TF-GEN-001,LOT-2026-100,WO-2026-1001,2026-07-23T20:25:00.000Z
TF96-20260726-0044,TF-GEN-001,LOT-2026-100,WO-2026-1001,2026-07-26T01:56:00.000Z
TF96-20260728-0045,TF-GEN-001,LOT-2026-100,WO-2026-1001,2026-07-28T18:39:00.000Z
TF96-20260722-0046,TF-GEN-001,LOT-2026-100,WO-2026-1001,2026-07-22T21:58:00.000Z
TF96-20260727-0047,TF-GEN-001,LOT-2026-100,WO-2026-1001,2026-07-27T03:34:00.000Z
TF96-20260726-0048,TF-GEN-001,LOT-2026-100,WO-2026-1001,2026-07-26T02:38:00.000Z
TF96-20260728-0049,TF-GEN-001,LOT-2026-100,WO-2026-1001,2026-07-28T01:53:00.000Z
TF96-20260728-0050,TF-GEN-001,LOT-2026-101,WO-2026-1002,2026-07-28T18:23:00.000Z
TF96-20260726-0051,TF-GEN-001,LOT-2026-101,WO-2026-1002,2026-07-26T02:41:00.000Z
TF96-20260722-0052,TF-GEN-001,LOT-2026-101,WO-2026-1002,2026-07-22T12:02:00.000Z
TF96-20260725-0053,TF-GEN-001,LOT-2026-101,WO-2026-1002,2026-07-25T02:33:00.000Z
TF96-20260726-0054,TF-GEN-001,LOT-2026-101,WO-2026-1002,2026-07-26T16:34:00.000Z
TF96-20260725-0055,TF-GEN-001,LOT-2026-101,WO-2026-1002,2026-07-25T19:11:00.000Z
TF96-20260728-0056,TF-GEN-001,LOT-2026-101,WO-2026-1002,2026-07-28T02:47:00.000Z
TF96-20260725-0057,TF-GEN-001,LOT-2026-101,WO-2026-1002,2026-07-25T22:17:00.000Z
TF96-20260725-0058,TF-GEN-001,LOT-2026-101,WO-2026-1002,2026-07-25T00:16:00.000Z
TF96-20260722-0059,TF-GEN-001,LOT-2026-101,WO-2026-1002,2026-07-22T17:25:00.000Z
TF96-20260727-0060,TF-GEN-001,LOT-2026-101,WO-2026-1002,2026-07-27T23:59:00.000Z
TF96-20260723-0061,TF-GEN-001,LOT-2026-101,WO-2026-1002,2026-07-23T15:13:00.000Z
TF96-20260725-0062,TF-GEN-001,LOT-2026-101,WO-2026-1002,2026-07-25T23:04:00.000Z
TF96-20260724-0063,TF-GEN-001,LOT-2026-101,WO-2026-1002,2026-07-24T01:19:00.000Z
TF96-20260726-0064,TF-GEN-001,LOT-2026-101,WO-2026-1002,2026-07-26T12:46:00.000Z
TF96-20260722-0065,TF-GEN-001,LOT-2026-101,WO-2026-1002,2026-07-22T22:08:00.000Z
TF96-20260726-0066,TF-GEN-001,LOT-2026-101,WO-2026-1002,2026-07-26T20:07:00.000Z
TF96-20260728-0067,TF-GEN-001,LOT-2026-101,WO-2026-1002,2026-07-28T00:12:00.000Z
TF96-20260723-0068,TF-GEN-001,LOT-2026-101,WO-2026-1002,2026-07-23T15:33:00.000Z
TF96-20260728-0069,TF-GEN-001,LOT-2026-101,WO-2026-1002,2026-07-28T02:03:00.000Z
TF96-20260725-0070,TF-GEN-001,LOT-2026-101,WO-2026-1002,2026-07-25T15:04:00.000Z
TF96-20260727-0071,TF-GEN-001,LOT-2026-101,WO-2026-1002,2026-07-27T21:38:00.000Z
TF96-20260727-0072,TF-GEN-001,LOT-2026-101,WO-2026-1002,2026-07-27T02:15:00.000Z
TF96-20260728-0073,TF-GEN-001,LOT-2026-101,WO-2026-1002,2026-07-28T23:08:00.000Z
TF96-20260726-0074,TF-GEN-001,LOT-2026-101,WO-2026-1002,2026-07-26T03:02:00.000Z
TF96-20260724-0075,TF-GEN-001,LOT-2026-101,WO-2026-1003,2026-07-24T12:27:00.000Z
TF96-20260723-0076,TF-GEN-001,LOT-2026-101,WO-2026-1003,2026-07-23T03:48:00.000Z
TF96-20260727-0077,TF-GEN-001,LOT-2026-101,WO-2026-1003,2026-07-27T03:31:00.000Z
TF96-20260724-0078,TF-GEN-001,LOT-2026-101,WO-2026-1003,2026-07-24T01:41:00.000Z
TF96-20260726-0079,TF-GEN-001,LOT-2026-101,WO-2026-1003,2026-07-26T16:05:00.000Z
TF96-20260725-0080,TF-GEN-001,LOT-2026-101,WO-2026-1003,2026-07-25T16:28:00.000Z
TF96-20260723-0081,TF-GEN-001,LOT-2026-101,WO-2026-1003,2026-07-23T15:47:00.000Z
TF96-20260728-0082,TF-GEN-001,LOT-2026-101,WO-2026-1003,2026-07-28T20:15:00.000Z
TF96-20260723-0083,TF-GEN-001,LOT-2026-101,WO-2026-1003,2026-07-23T03:24:00.000Z
TF96-20260724-0084,TF-GEN-001,LOT-2026-101,WO-2026-1003,2026-07-24T03:57:00.000Z
TF97-20260727-0085,TF-GEN-002,LOT-2026-101,WO-2026-1003,2026-07-27T22:41:00.000Z
TF97-20260723-0086,TF-GEN-002,LOT-2026-101,WO-2026-1003,2026-07-23T14:14:00.000Z
TF97-20260726-0087,TF-GEN-002,LOT-2026-101,WO-2026-1003,2026-07-26T22:37:00.000Z
TF97-20260728-0088,TF-GEN-002,LOT-2026-101,WO-2026-1003,2026-07-28T15:42:00.000Z
TF97-20260724-0089,TF-GEN-002,LOT-2026-101,WO-2026-1003,2026-07-24T02:24:00.000Z
TF97-20260726-0090,TF-GEN-002,LOT-2026-101,WO-2026-1003,2026-07-26T12:19:00.000Z
TF97-20260724-0091,TF-GEN-002,LOT-2026-101,WO-2026-1003,2026-07-24T16:28:00.000Z
TF97-20260728-0092,TF-GEN-002,LOT-2026-101,WO-2026-1003,2026-07-28T19:47:00.000Z
TF97-20260729-0093,TF-GEN-002,LOT-2026-101,WO-2026-1003,2026-07-29T03:24:00.000Z
TF97-20260723-0094,TF-GEN-002,LOT-2026-101,WO-2026-1003,2026-07-23T18:03:00.000Z
TF97-20260727-0095,TF-GEN-002,LOT-2026-101,WO-2026-1003,2026-07-27T03:41:00.000Z
TF97-20260726-0096,TF-GEN-002,LOT-2026-101,WO-2026-1003,2026-07-26T00:09:00.000Z
TF97-20260725-0097,TF-GEN-002,LOT-2026-101,WO-2026-1003,2026-07-25T16:53:00.000Z
TF97-20260722-0098,TF-GEN-002,LOT-2026-101,WO-2026-1003,2026-07-22T12:08:00.000Z
TF97-20260725-0099,TF-GEN-002,LOT-2026-101,WO-2026-1003,2026-07-25T14:41:00.000Z
TF97-20260724-0100,TF-GEN-002,LOT-2026-102,WO-2026-1004,2026-07-24T03:09:00.000Z
TF97-20260724-0101,TF-GEN-002,LOT-2026-102,WO-2026-1004,2026-07-24T00:54:00.000Z
TF97-20260726-0102,TF-GEN-002,LOT-2026-102,WO-2026-1004,2026-07-26T18:48:00.000Z
TF97-20260723-0103,TF-GEN-002,LOT-2026-102,WO-2026-1004,2026-07-23T01:15:00.000Z
TF97-20260726-0104,TF-GEN-002,LOT-2026-102,WO-2026-1004,2026-07-26T03:04:00.000Z
TF97-20260725-0105,TF-GEN-002,LOT-2026-102,WO-2026-1004,2026-07-25T17:10:00.000Z
TF97-20260728-0106,TF-GEN-002,LOT-2026-102,WO-2026-1004,2026-07-28T17:31:00.000Z
TF97-20260722-0107,TF-GEN-002,LOT-2026-102,WO-2026-1004,2026-07-22T13:34:00.000Z
TF97-20260724-0108,TF-GEN-002,LOT-2026-102,WO-2026-1004,2026-07-24T00:11:00.000Z
TF97-20260727-0109,TF-GEN-002,LOT-2026-102,WO-2026-1004,2026-07-27T02:28:00.000Z
TF97-20260722-0110,TF-GEN-002,LOT-2026-102,WO-2026-1004,2026-07-22T14:29:00.000Z
TF97-20260726-0111,TF-GEN-002,LOT-2026-102,WO-2026-1004,2026-07-26T16:19:00.000Z
TF97-20260724-0112,TF-GEN-002,LOT-2026-102,WO-2026-1004,2026-07-24T22:57:00.000Z
TF97-20260727-0113,TF-GEN-002,LOT-2026-102,WO-2026-1004,2026-07-27T22:53:00.000Z
TF97-20260724-0114,TF-GEN-002,LOT-2026-102,WO-2026-1004,2026-07-24T21:55:00.000Z
TF97-20260722-0115,TF-GEN-002,LOT-2026-102,WO-2026-1004,2026-07-22T12:00:00.000Z
TF97-20260722-0116,TF-GEN-002,LOT-2026-102,WO-2026-1004,2026-07-22T14:56:00.000Z
TF97-20260725-0117,TF-GEN-002,LOT-2026-102,WO-2026-1004,2026-07-25T16:50:00.000Z
TF97-20260723-0118,TF-GEN-002,LOT-2026-102,WO-2026-1004,2026-07-23T15:24:00.000Z
TF97-20260726-0119,TF-GEN-002,LOT-2026-102,WO-2026-1004,2026-07-26T17:17:00.000Z
TF97-20260723-0120,TF-GEN-002,LOT-2026-102,WO-2026-1004,2026-07-23T21:13:00.000Z
TF97-20260726-0121,TF-GEN-002,LOT-2026-102,WO-2026-1004,2026-07-26T14:58:00.000Z
TF97-20260727-0122,TF-GEN-002,LOT-2026-102,WO-2026-1004,2026-07-27T23:00:00.000Z
TF97-20260728-0123,TF-GEN-002,LOT-2026-102,WO-2026-1004,2026-07-28T03:11:00.000Z
TF97-20260723-0124,TF-GEN-002,LOT-2026-102,WO-2026-1004,2026-07-23T01:56:00.000Z
TF97-20260723-0125,TF-GEN-002,LOT-2026-102,WO-2026-1005,2026-07-23T14:28:00.000Z
TF97-20260724-0126,TF-GEN-002,LOT-2026-102,WO-2026-1005,2026-07-24T20:17:00.000Z
TF97-20260725-0127,TF-GEN-002,LOT-2026-102,WO-2026-1005,2026-07-25T23:46:00.000Z
TF97-20260726-0128,TF-GEN-002,LOT-2026-102,WO-2026-1005,2026-07-26T20:46:00.000Z
TF97-20260724-0129,TF-GEN-002,LOT-2026-102,WO-2026-1005,2026-07-24T02:13:00.000Z
TF97-20260725-0130,TF-GEN-002,LOT-2026-102,WO-2026-1005,2026-07-25T13:58:00.000Z
TF97-20260725-0131,TF-GEN-002,LOT-2026-102,WO-2026-1005,2026-07-25T17:04:00.000Z
TF97-20260725-0132,TF-GEN-002,LOT-2026-102,WO-2026-1005,2026-07-25T17:22:00.000Z
TF97-20260725-0133,TF-GEN-002,LOT-2026-102,WO-2026-1005,2026-07-25T03:11:00.000Z
TF97-20260724-0134,TF-GEN-002,LOT-2026-102,WO-2026-1005,2026-07-24T16:33:00.000Z
TF97-20260725-0135,TF-GEN-002,LOT-2026-102,WO-2026-1005,2026-07-25T18:27:00.000Z
TF97-20260724-0136,TF-GEN-002,LOT-2026-102,WO-2026-1005,2026-07-24T23:03:00.000Z
TF97-20260722-0137,TF-GEN-002,LOT-2026-102,WO-2026-1005,2026-07-22T22:04:00.000Z
TF97-20260724-0138,TF-GEN-002,LOT-2026-102,WO-2026-1005,2026-07-24T22:35:00.000Z
TF97-20260728-0139,TF-GEN-002,LOT-2026-102,WO-2026-1005,2026-07-28T12:56:00.000Z
TF97-20260723-0140,TF-GEN-002,LOT-2026-102,WO-2026-1005,2026-07-23T02:29:00.000Z
TF97-20260728-0141,TF-GEN-002,LOT-2026-102,WO-2026-1005,2026-07-28T23:21:00.000Z
TF97-20260725-0142,TF-GEN-002,LOT-2026-102,WO-2026-1005,2026-07-25T19:30:00.000Z
TF97-20260727-0143,TF-GEN-002,LOT-2026-102,WO-2026-1005,2026-07-27T13:15:00.000Z
TF97-20260728-0144,TF-GEN-002,LOT-2026-102,WO-2026-1005,2026-07-28T23:30:00.000Z
TF97-20260726-0145,TF-GEN-002,LOT-2026-102,WO-2026-1005,2026-07-26T14:59:00.000Z
TF97-20260723-0146,TF-GEN-002,LOT-2026-102,WO-2026-1005,2026-07-23T02:06:00.000Z
TF97-20260722-0147,TF-GEN-002,LOT-2026-102,WO-2026-1005,2026-07-22T19:20:00.000Z
TF97-20260725-0148,TF-GEN-002,LOT-2026-102,WO-2026-1005,2026-07-25T16:37:00.000Z
TF97-20260723-0149,TF-GEN-002,LOT-2026-102,WO-2026-1005,2026-07-23T01:03:00.000Z
TF97-20260724-0150,TF-GEN-002,LOT-2026-103,WO-2026-1006,2026-07-24T13:17:00.000Z
TF97-20260727-0151,TF-GEN-002,LOT-2026-103,WO-2026-1006,2026-07-27T00:53:00.000Z
TF97-20260725-0152,TF-GEN-002,LOT-2026-103,WO-2026-1006,2026-07-25T15:22:00.000Z
TF97-20260726-0153,TF-GEN-002,LOT-2026-103,WO-2026-1006,2026-07-26T20:17:00.000Z
TF97-20260723-0154,TF-GEN-002,LOT-2026-103,WO-2026-1006,2026-07-23T14:49:00.000Z
TF97-20260725-0155,TF-GEN-002,LOT-2026-103,WO-2026-1006,2026-07-25T12:41:00.000Z
TF97-20260724-0156,TF-GEN-002,LOT-2026-103,WO-2026-1006,2026-07-24T18:12:00.000Z
TF97-20260723-0157,TF-GEN-002,LOT-2026-103,WO-2026-1006,2026-07-23T17:37:00.000Z
TF97-20260724-0158,TF-GEN-002,LOT-2026-103,WO-2026-1006,2026-07-24T23:10:00.000Z
TF97-20260724-0159,TF-GEN-002,LOT-2026-103,WO-2026-1006,2026-07-24T19:46:00.000Z
TF97-20260724-0160,TF-GEN-002,LOT-2026-103,WO-2026-1006,2026-07-24T17:38:00.000Z
TF97-20260727-0161,TF-GEN-002,LOT-2026-103,WO-2026-1006,2026-07-27T13:47:00.000Z
TF97-20260724-0162,TF-GEN-002,LOT-2026-103,WO-2026-1006,2026-07-24T17:19:00.000Z
TF97-20260726-0163,TF-GEN-002,LOT-2026-103,WO-2026-1006,2026-07-26T22:11:00.000Z
TF97-20260727-0164,TF-GEN-002,LOT-2026-103,WO-2026-1006,2026-07-27T16:36:00.000Z
TF97-20260723-0165,TF-GEN-002,LOT-2026-103,WO-2026-1006,2026-07-23T20:15:00.000Z
TF97-20260724-0166,TF-GEN-002,LOT-2026-103,WO-2026-1006,2026-07-24T17:59:00.000Z
TF97-20260727-0167,TF-GEN-002,LOT-2026-103,WO-2026-1006,2026-07-27T13:24:00.000Z
TF98-20260723-0168,TF-GEN-003,LOT-2026-103,WO-2026-1006,2026-07-23T22:27:00.000Z
TF98-20260726-0169,TF-GEN-003,LOT-2026-103,WO-2026-1006,2026-07-26T20:36:00.000Z
TF98-20260725-0170,TF-GEN-003,LOT-2026-103,WO-2026-1006,2026-07-25T22:26:00.000Z
TF98-20260726-0171,TF-GEN-003,LOT-2026-103,WO-2026-1006,2026-07-26T23:10:00.000Z
TF98-20260724-0172,TF-GEN-003,LOT-2026-103,WO-2026-1006,2026-07-24T01:41:00.000Z
TF98-20260728-0173,TF-GEN-003,LOT-2026-103,WO-2026-1006,2026-07-28T03:26:00.000Z
TF98-20260725-0174,TF-GEN-003,LOT-2026-103,WO-2026-1006,2026-07-25T14:50:00.000Z
TF98-20260729-0175,TF-GEN-003,LOT-2026-103,WO-2026-1007,2026-07-29T03:54:00.000Z
TF98-20260723-0176,TF-GEN-003,LOT-2026-103,WO-2026-1007,2026-07-23T00:31:00.000Z
TF98-20260725-0177,TF-GEN-003,LOT-2026-103,WO-2026-1007,2026-07-25T22:02:00.000Z
TF98-20260729-0178,TF-GEN-003,LOT-2026-103,WO-2026-1007,2026-07-29T00:45:00.000Z
TF98-20260726-0179,TF-GEN-003,LOT-2026-103,WO-2026-1007,2026-07-26T12:03:00.000Z
TF98-20260729-0180,TF-GEN-003,LOT-2026-103,WO-2026-1007,2026-07-29T02:55:00.000Z
TF98-20260722-0181,TF-GEN-003,LOT-2026-103,WO-2026-1007,2026-07-22T21:15:00.000Z
TF98-20260724-0182,TF-GEN-003,LOT-2026-103,WO-2026-1007,2026-07-24T15:40:00.000Z
TF98-20260725-0183,TF-GEN-003,LOT-2026-103,WO-2026-1007,2026-07-25T15:22:00.000Z
TF98-20260728-0184,TF-GEN-003,LOT-2026-103,WO-2026-1007,2026-07-28T17:13:00.000Z
TF98-20260728-0185,TF-GEN-003,LOT-2026-103,WO-2026-1007,2026-07-28T00:59:00.000Z
TF98-20260723-0186,TF-GEN-003,LOT-2026-103,WO-2026-1007,2026-07-23T22:52:00.000Z
TF98-20260727-0187,TF-GEN-003,LOT-2026-103,WO-2026-1007,2026-07-27T14:35:00.000Z
TF98-20260722-0188,TF-GEN-003,LOT-2026-103,WO-2026-1007,2026-07-22T16:02:00.000Z
TF98-20260728-0189,TF-GEN-003,LOT-2026-103,WO-2026-1007,2026-07-28T02:13:00.000Z
TF98-20260727-0190,TF-GEN-003,LOT-2026-103,WO-2026-1007,2026-07-27T15:02:00.000Z
TF98-20260723-0191,TF-GEN-003,LOT-2026-103,WO-2026-1007,2026-07-23T17:26:00.000Z
TF98-20260726-0192,TF-GEN-003,LOT-2026-103,WO-2026-1007,2026-07-26T16:09:00.000Z
TF98-20260726-0193,TF-GEN-003,LOT-2026-103,WO-2026-1007,2026-07-26T18:15:00.000Z
TF98-20260729-0194,TF-GEN-003,LOT-2026-103,WO-2026-1007,2026-07-29T03:19:00.000Z
TF98-20260723-0195,TF-GEN-003,LOT-2026-103,WO-2026-1007,2026-07-23T16:59:00.000Z
TF98-20260725-0196,TF-GEN-003,LOT-2026-103,WO-2026-1007,2026-07-25T12:00:00.000Z
TF98-20260723-0197,TF-GEN-003,LOT-2026-103,WO-2026-1007,2026-07-23T17:34:00.000Z
TF98-20260725-0198,TF-GEN-003,LOT-2026-103,WO-2026-1007,2026-07-25T14:05:00.000Z
TF98-20260723-0199,TF-GEN-003,LOT-2026-103,WO-2026-1007,2026-07-23T13:41:00.000Z
TF98-20260728-0200,TF-GEN-003,LOT-2026-104,WO-2026-1008,2026-07-28T02:31:00.000Z
TF98-20260727-0201,TF-GEN-003,LOT-2026-104,WO-2026-1008,2026-07-27T19:07:00.000Z
TF98-20260727-0202,TF-GEN-003,LOT-2026-104,WO-2026-1008,2026-07-27T01:39:00.000Z
TF98-20260723-0203,TF-GEN-003,LOT-2026-104,WO-2026-1008,2026-07-23T18:31:00.000Z
TF98-20260728-0204,TF-GEN-003,LOT-2026-104,WO-2026-1008,2026-07-28T22:13:00.000Z
TF98-20260726-0205,TF-GEN-003,LOT-2026-104,WO-2026-1008,2026-07-26T22:48:00.000Z
TF98-20260723-0206,TF-GEN-003,LOT-2026-104,WO-2026-1008,2026-07-23T22:26:00.000Z
TF98-20260728-0207,TF-GEN-003,LOT-2026-104,WO-2026-1008,2026-07-28T13:03:00.000Z
TF98-20260728-0208,TF-GEN-003,LOT-2026-104,WO-2026-1008,2026-07-28T17:01:00.000Z
TF98-20260725-0209,TF-GEN-003,LOT-2026-104,WO-2026-1008,2026-07-25T17:56:00.000Z
TF98-20260728-0210,TF-GEN-003,LOT-2026-104,WO-2026-1008,2026-07-28T02:33:00.000Z
TF98-20260728-0211,TF-GEN-003,LOT-2026-104,WO-2026-1008,2026-07-28T18:35:00.000Z
TF98-20260724-0212,TF-GEN-003,LOT-2026-104,WO-2026-1008,2026-07-24T00:51:00.000Z
TF98-20260726-0213,TF-GEN-003,LOT-2026-104,WO-2026-1008,2026-07-26T02:14:00.000Z
TF98-20260723-0214,TF-GEN-003,LOT-2026-104,WO-2026-1008,2026-07-23T15:35:00.000Z
TF98-20260723-0215,TF-GEN-003,LOT-2026-104,WO-2026-1008,2026-07-23T13:06:00.000Z
TF98-20260726-0216,TF-GEN-003,LOT-2026-104,WO-2026-1008,2026-07-26T13:06:00.000Z
TF98-20260726-0217,TF-GEN-003,LOT-2026-104,WO-2026-1008,2026-07-26T21:33:00.000Z
TF98-20260722-0218,TF-GEN-003,LOT-2026-104,WO-2026-1008,2026-07-22T15:58:00.000Z
TF98-20260727-0219,TF-GEN-003,LOT-2026-104,WO-2026-1008,2026-07-27T16:15:00.000Z
TF98-20260724-0220,TF-GEN-003,LOT-2026-104,WO-2026-1008,2026-07-24T20:04:00.000Z
TF98-20260723-0221,TF-GEN-003,LOT-2026-104,WO-2026-1008,2026-07-23T20:52:00.000Z
TF98-20260722-0222,TF-GEN-003,LOT-2026-104,WO-2026-1008,2026-07-22T14:25:00.000Z
TF98-20260724-0223,TF-GEN-003,LOT-2026-104,WO-2026-1008,2026-07-24T03:16:00.000Z
TF98-20260724-0224,TF-GEN-003,LOT-2026-104,WO-2026-1008,2026-07-24T22:15:00.000Z
TF98-20260722-0225,TF-GEN-003,LOT-2026-104,WO-2026-1009,2026-07-22T22:53:00.000Z
TF98-20260726-0226,TF-GEN-003,LOT-2026-104,WO-2026-1009,2026-07-26T17:46:00.000Z
TF98-20260725-0227,TF-GEN-003,LOT-2026-104,WO-2026-1009,2026-07-25T18:29:00.000Z
TF98-20260726-0228,TF-GEN-003,LOT-2026-104,WO-2026-1009,2026-07-26T18:03:00.000Z
TF98-20260726-0229,TF-GEN-003,LOT-2026-104,WO-2026-1009,2026-07-26T17:19:00.000Z
TF98-20260725-0230,TF-GEN-003,LOT-2026-104,WO-2026-1009,2026-07-25T16:17:00.000Z
TF98-20260724-0231,TF-GEN-003,LOT-2026-104,WO-2026-1009,2026-07-24T15:40:00.000Z
TF98-20260724-0232,TF-GEN-003,LOT-2026-104,WO-2026-1009,2026-07-24T01:14:00.000Z
TF98-20260724-0233,TF-GEN-003,LOT-2026-104,WO-2026-1009,2026-07-24T03:20:00.000Z
TF98-20260724-0234,TF-GEN-003,LOT-2026-104,WO-2026-1009,2026-07-24T22:10:00.000Z
TF98-20260729-0235,TF-GEN-003,LOT-2026-104,WO-2026-1009,2026-07-29T03:54:00.000Z
TF98-20260728-0236,TF-GEN-003,LOT-2026-104,WO-2026-1009,2026-07-28T19:01:00.000Z
TF98-20260729-0237,TF-GEN-003,LOT-2026-104,WO-2026-1009,2026-07-29T01:51:00.000Z
TF98-20260725-0238,TF-GEN-003,LOT-2026-104,WO-2026-1009,2026-07-25T23:41:00.000Z
TF98-20260724-0239,TF-GEN-003,LOT-2026-104,WO-2026-1009,2026-07-24T22:24:00.000Z
TF98-20260722-0240,TF-GEN-003,LOT-2026-104,WO-2026-1009,2026-07-22T12:15:00.000Z
TF98-20260729-0241,TF-GEN-003,LOT-2026-104,WO-2026-1009,2026-07-29T01:26:00.000Z
TF98-20260727-0242,TF-GEN-003,LOT-2026-104,WO-2026-1009,2026-07-27T18:54:00.000Z
TF98-20260728-0243,TF-GEN-003,LOT-2026-104,WO-2026-1009,2026-07-28T18:09:00.000Z
TF98-20260723-0244,TF-GEN-003,LOT-2026-104,WO-2026-1009,2026-07-23T18:04:00.000Z
TF98-20260726-0245,TF-GEN-003,LOT-2026-104,WO-2026-1009,2026-07-26T14:12:00.000Z
TF98-20260728-0246,TF-GEN-003,LOT-2026-104,WO-2026-1009,2026-07-28T02:49:00.000Z
TF98-20260723-0247,TF-GEN-003,LOT-2026-104,WO-2026-1009,2026-07-23T17:35:00.000Z
TF98-20260728-0248,TF-GEN-003,LOT-2026-104,WO-2026-1009,2026-07-28T17:25:00.000Z
TF98-20260726-0249,TF-GEN-003,LOT-2026-104,WO-2026-1009,2026-07-26T15:19:00.000Z
TF98-20260727-0250,TF-GEN-003,LOT-2026-105,WO-2026-1010,2026-07-27T01:31:00.000Z
ELK67-20260722-0251,TEST,LOT-2026-105,WO-2026-1010,2026-07-22T23:02:00.000Z
ELK67-20260724-0252,TEST,LOT-2026-105,WO-2026-1010,2026-07-24T20:17:00.000Z
ELK67-20260724-0253,TEST,LOT-2026-105,WO-2026-1010,2026-07-24T01:56:00.000Z
ELK67-20260725-0254,TEST,LOT-2026-105,WO-2026-1010,2026-07-25T17:49:00.000Z
ELK67-20260724-0255,TEST,LOT-2026-105,WO-2026-1010,2026-07-24T21:30:00.000Z
ELK67-20260724-0256,TEST,LOT-2026-105,WO-2026-1010,2026-07-24T15:13:00.000Z
ELK67-20260722-0257,TEST,LOT-2026-105,WO-2026-1010,2026-07-22T19:47:00.000Z
ELK67-20260723-0258,TEST,LOT-2026-105,WO-2026-1010,2026-07-23T02:28:00.000Z
ELK67-20260722-0259,TEST,LOT-2026-105,WO-2026-1010,2026-07-22T22:25:00.000Z
ELK67-20260725-0260,TEST,LOT-2026-105,WO-2026-1010,2026-07-25T17:34:00.000Z
ELK67-20260724-0261,TEST,LOT-2026-105,WO-2026-1010,2026-07-24T22:01:00.000Z
ELK67-20260725-0262,TEST,LOT-2026-105,WO-2026-1010,2026-07-25T03:56:00.000Z
ELK67-20260723-0263,TEST,LOT-2026-105,WO-2026-1010,2026-07-23T22:14:00.000Z
ELK67-20260722-0264,TEST,LOT-2026-105,WO-2026-1010,2026-07-22T23:53:00.000Z
ELK67-20260726-0265,TEST,LOT-2026-105,WO-2026-1010,2026-07-26T12:01:00.000Z
ELK67-20260728-0266,TEST,LOT-2026-105,WO-2026-1010,2026-07-28T15:18:00.000Z
ELK67-20260723-0267,TEST,LOT-2026-105,WO-2026-1010,2026-07-23T21:24:00.000Z
ELK67-20260726-0268,TEST,LOT-2026-105,WO-2026-1010,2026-07-26T03:48:00.000Z
ELK67-20260728-0269,TEST,LOT-2026-105,WO-2026-1010,2026-07-28T18:57:00.000Z
ELK67-20260727-0270,TEST,LOT-2026-105,WO-2026-1010,2026-07-27T14:51:00.000Z
ELK67-20260726-0271,TEST,LOT-2026-105,WO-2026-1010,2026-07-26T22:25:00.000Z
ELK67-20260729-0272,TEST,LOT-2026-105,WO-2026-1010,2026-07-29T03:20:00.000Z
ELK67-20260727-0273,TEST,LOT-2026-105,WO-2026-1010,2026-07-27T01:31:00.000Z
ELK67-20260724-0274,TEST,LOT-2026-105,WO-2026-1010,2026-07-24T12:04:00.000Z
ELK67-20260722-0275,TEST,LOT-2026-105,WO-2026-1011,2026-07-22T12:31:00.000Z
ELK67-20260728-0276,TEST,LOT-2026-105,WO-2026-1011,2026-07-28T00:23:00.000Z
ELK67-20260728-0277,TEST,LOT-2026-105,WO-2026-1011,2026-07-28T23:06:00.000Z
ELK67-20260725-0278,TEST,LOT-2026-105,WO-2026-1011,2026-07-25T03:44:00.000Z
ELK67-20260726-0279,TEST,LOT-2026-105,WO-2026-1011,2026-07-26T22:35:00.000Z
ELK67-20260727-0280,TEST,LOT-2026-105,WO-2026-1011,2026-07-27T00:48:00.000Z
ELK67-20260723-0281,TEST,LOT-2026-105,WO-2026-1011,2026-07-23T03:46:00.000Z
ELK67-20260725-0282,TEST,LOT-2026-105,WO-2026-1011,2026-07-25T14:51:00.000Z
ELK67-20260728-0283,TEST,LOT-2026-105,WO-2026-1011,2026-07-28T16:33:00.000Z
ELK67-20260723-0284,TEST,LOT-2026-105,WO-2026-1011,2026-07-23T21:13:00.000Z
ELK67-20260726-0285,TEST,LOT-2026-105,WO-2026-1011,2026-07-26T02:36:00.000Z
ELK67-20260723-0286,TEST,LOT-2026-105,WO-2026-1011,2026-07-23T18:49:00.000Z
ELK67-20260723-0287,TEST,LOT-2026-105,WO-2026-1011,2026-07-23T12:30:00.000Z
ELK67-20260724-0288,TEST,LOT-2026-105,WO-2026-1011,2026-07-24T12:29:00.000Z
ELK67-20260723-0289,TEST,LOT-2026-105,WO-2026-1011,2026-07-23T20:00:00.000Z
ELK67-20260725-0290,TEST,LOT-2026-105,WO-2026-1011,2026-07-25T21:23:00.000Z
ELK67-20260726-0291,TEST,LOT-2026-105,WO-2026-1011,2026-07-26T01:36:00.000Z
ELK67-20260724-0292,TEST,LOT-2026-105,WO-2026-1011,2026-07-24T18:01:00.000Z
ELK67-20260722-0293,TEST,LOT-2026-105,WO-2026-1011,2026-07-22T20:12:00.000Z
ELK67-20260726-0294,TEST,LOT-2026-105,WO-2026-1011,2026-07-26T16:00:00.000Z
ELK67-20260727-0295,TEST,LOT-2026-105,WO-2026-1011,2026-07-27T16:56:00.000Z
ELK67-20260723-0296,TEST,LOT-2026-105,WO-2026-1011,2026-07-23T00:30:00.000Z
ELK67-20260725-0297,TEST,LOT-2026-105,WO-2026-1011,2026-07-25T12:16:00.000Z
ELK67-20260726-0298,TEST,LOT-2026-105,WO-2026-1011,2026-07-26T16:56:00.000Z
ELK67-20260724-0299,TEST,LOT-2026-105,WO-2026-1011,2026-07-24T01:07:00.000Z
ELK67-20260728-0300,TEST,LOT-2026-106,WO-2026-1012,2026-07-28T15:42:00.000Z
ELK67-20260724-0301,TEST,LOT-2026-106,WO-2026-1012,2026-07-24T00:03:00.000Z
ELK67-20260727-0302,TEST,LOT-2026-106,WO-2026-1012,2026-07-27T22:04:00.000Z
ELK67-20260727-0303,TEST,LOT-2026-106,WO-2026-1012,2026-07-27T19:22:00.000Z
ELK67-20260726-0304,TEST,LOT-2026-106,WO-2026-1012,2026-07-26T16:08:00.000Z
ELK67-20260727-0305,TEST,LOT-2026-106,WO-2026-1012,2026-07-27T00:51:00.000Z
ELK67-20260728-0306,TEST,LOT-2026-106,WO-2026-1012,2026-07-28T19:12:00.000Z
ELK67-20260725-0307,TEST,LOT-2026-106,WO-2026-1012,2026-07-25T17:33:00.000Z
ELK67-20260724-0308,TEST,LOT-2026-106,WO-2026-1012,2026-07-24T12:26:00.000Z
ELK67-20260728-0309,TEST,LOT-2026-106,WO-2026-1012,2026-07-28T17:33:00.000Z
ELK67-20260723-0310,TEST,LOT-2026-106,WO-2026-1012,2026-07-23T21:14:00.000Z
ELK67-20260722-0311,TEST,LOT-2026-106,WO-2026-1012,2026-07-22T15:26:00.000Z
ELK67-20260726-0312,TEST,LOT-2026-106,WO-2026-1012,2026-07-26T02:45:00.000Z
ELK67-20260727-0313,TEST,LOT-2026-106,WO-2026-1012,2026-07-27T17:22:00.000Z
ELK67-20260728-0314,TEST,LOT-2026-106,WO-2026-1012,2026-07-28T20:32:00.000Z
ELK67-20260725-0315,TEST,LOT-2026-106,WO-2026-1012,2026-07-25T13:32:00.000Z
ELK67-20260723-0316,TEST,LOT-2026-106,WO-2026-1012,2026-07-23T02:39:00.000Z
ELK67-20260726-0317,TEST,LOT-2026-106,WO-2026-1012,2026-07-26T01:05:00.000Z
ELK67-20260727-0318,TEST,LOT-2026-106,WO-2026-1012,2026-07-27T17:26:00.000Z
ELK67-20260728-0319,TEST,LOT-2026-106,WO-2026-1012,2026-07-28T19:43:00.000Z
ELK67-20260727-0320,TEST,LOT-2026-106,WO-2026-1012,2026-07-27T20:35:00.000Z
ELK67-20260729-0321,TEST,LOT-2026-106,WO-2026-1012,2026-07-29T00:17:00.000Z
ELK67-20260723-0322,TEST,LOT-2026-106,WO-2026-1012,2026-07-23T12:30:00.000Z
ELK67-20260727-0323,TEST,LOT-2026-106,WO-2026-1012,2026-07-27T12:07:00.000Z
ELK67-20260729-0324,TEST,LOT-2026-106,WO-2026-1012,2026-07-29T03:16:00.000Z
ELK67-20260723-0325,TEST,LOT-2026-106,WO-2026-1013,2026-07-23T02:47:00.000Z
ELK67-20260722-0326,TEST,LOT-2026-106,WO-2026-1013,2026-07-22T12:59:00.000Z
ELK67-20260723-0327,TEST,LOT-2026-106,WO-2026-1013,2026-07-23T12:54:00.000Z
ELK67-20260722-0328,TEST,LOT-2026-106,WO-2026-1013,2026-07-22T15:11:00.000Z
ELK67-20260723-0329,TEST,LOT-2026-106,WO-2026-1013,2026-07-23T02:31:00.000Z
ELK67-20260727-0330,TEST,LOT-2026-106,WO-2026-1013,2026-07-27T13:42:00.000Z
ELK67-20260724-0331,TEST,LOT-2026-106,WO-2026-1013,2026-07-24T23:19:00.000Z
ELK67-20260727-0332,TEST,LOT-2026-106,WO-2026-1013,2026-07-27T14:30:00.000Z
ELK67-20260722-0333,TEST,LOT-2026-106,WO-2026-1013,2026-07-22T17:52:00.000Z
ELK67-20260723-0334,TEST,LOT-2026-106,WO-2026-1013,2026-07-23T19:35:00.000Z
ELK89-20260727-0335,ELK-GSE-001,LOT-2026-106,WO-2026-1013,2026-07-27T18:24:00.000Z
ELK89-20260728-0336,ELK-GSE-001,LOT-2026-106,WO-2026-1013,2026-07-28T20:40:00.000Z
ELK89-20260724-0337,ELK-GSE-001,LOT-2026-106,WO-2026-1013,2026-07-24T12:26:00.000Z
ELK89-20260725-0338,ELK-GSE-001,LOT-2026-106,WO-2026-1013,2026-07-25T13:12:00.000Z
ELK89-20260723-0339,ELK-GSE-001,LOT-2026-106,WO-2026-1013,2026-07-23T15:57:00.000Z
ELK89-20260722-0340,ELK-GSE-001,LOT-2026-106,WO-2026-1013,2026-07-22T14:40:00.000Z
ELK89-20260728-0341,ELK-GSE-001,LOT-2026-106,WO-2026-1013,2026-07-28T19:33:00.000Z
ELK89-20260723-0342,ELK-GSE-001,LOT-2026-106,WO-2026-1013,2026-07-23T23:42:00.000Z
ELK89-20260723-0343,ELK-GSE-001,LOT-2026-106,WO-2026-1013,2026-07-23T19:25:00.000Z
ELK89-20260724-0344,ELK-GSE-001,LOT-2026-106,WO-2026-1013,2026-07-24T22:17:00.000Z
ELK89-20260727-0345,ELK-GSE-001,LOT-2026-106,WO-2026-1013,2026-07-27T15:23:00.000Z
ELK89-20260723-0346,ELK-GSE-001,LOT-2026-106,WO-2026-1013,2026-07-23T00:18:00.000Z
ELK89-20260727-0347,ELK-GSE-001,LOT-2026-106,WO-2026-1013,2026-07-27T14:31:00.000Z
ELK89-20260725-0348,ELK-GSE-001,LOT-2026-106,WO-2026-1013,2026-07-25T12:25:00.000Z
ELK89-20260722-0349,ELK-GSE-001,LOT-2026-106,WO-2026-1013,2026-07-22T21:42:00.000Z
ELK89-20260723-0350,ELK-GSE-001,LOT-2026-107,WO-2026-1014,2026-07-23T00:28:00.000Z
ELK89-20260726-0351,ELK-GSE-001,LOT-2026-107,WO-2026-1014,2026-07-26T20:39:00.000Z
ELK89-20260728-0352,ELK-GSE-001,LOT-2026-107,WO-2026-1014,2026-07-28T00:51:00.000Z
ELK89-20260727-0353,ELK-GSE-001,LOT-2026-107,WO-2026-1014,2026-07-27T15:59:00.000Z
ELK89-20260723-0354,ELK-GSE-001,LOT-2026-107,WO-2026-1014,2026-07-23T21:04:00.000Z
ELK89-20260726-0355,ELK-GSE-001,LOT-2026-107,WO-2026-1014,2026-07-26T19:52:00.000Z
ELK89-20260726-0356,ELK-GSE-001,LOT-2026-107,WO-2026-1014,2026-07-26T18:08:00.000Z
ELK89-20260724-0357,ELK-GSE-001,LOT-2026-107,WO-2026-1014,2026-07-24T01:35:00.000Z
ELK89-20260727-0358,ELK-GSE-001,LOT-2026-107,WO-2026-1014,2026-07-27T23:06:00.000Z
ELK89-20260728-0359,ELK-GSE-001,LOT-2026-107,WO-2026-1014,2026-07-28T00:06:00.000Z
ELK89-20260727-0360,ELK-GSE-001,LOT-2026-107,WO-2026-1014,2026-07-27T01:26:00.000Z
ELK89-20260726-0361,ELK-GSE-001,LOT-2026-107,WO-2026-1014,2026-07-26T02:20:00.000Z
ELK89-20260728-0362,ELK-GSE-001,LOT-2026-107,WO-2026-1014,2026-07-28T23:12:00.000Z
ELK89-20260724-0363,ELK-GSE-001,LOT-2026-107,WO-2026-1014,2026-07-24T14:37:00.000Z
ELK89-20260727-0364,ELK-GSE-001,LOT-2026-107,WO-2026-1014,2026-07-27T01:54:00.000Z
ELK89-20260723-0365,ELK-GSE-001,LOT-2026-107,WO-2026-1014,2026-07-23T17:58:00.000Z
ELK89-20260725-0366,ELK-GSE-001,LOT-2026-107,WO-2026-1014,2026-07-25T02:10:00.000Z
ELK89-20260725-0367,ELK-GSE-001,LOT-2026-107,WO-2026-1014,2026-07-25T19:14:00.000Z
ELK89-20260727-0368,ELK-GSE-001,LOT-2026-107,WO-2026-1014,2026-07-27T03:44:00.000Z
ELK89-20260726-0369,ELK-GSE-001,LOT-2026-107,WO-2026-1014,2026-07-26T22:19:00.000Z
ELK89-20260728-0370,ELK-GSE-001,LOT-2026-107,WO-2026-1014,2026-07-28T00:59:00.000Z
ELK89-20260722-0371,ELK-GSE-001,LOT-2026-107,WO-2026-1014,2026-07-22T13:17:00.000Z
ELK89-20260727-0372,ELK-GSE-001,LOT-2026-107,WO-2026-1014,2026-07-27T00:44:00.000Z
ELK89-20260722-0373,ELK-GSE-001,LOT-2026-107,WO-2026-1014,2026-07-22T14:29:00.000Z
ELK89-20260724-0374,ELK-GSE-001,LOT-2026-107,WO-2026-1014,2026-07-24T21:07:00.000Z
ELK89-20260726-0375,ELK-GSE-001,LOT-2026-107,WO-2026-1015,2026-07-26T03:31:00.000Z
ELK89-20260724-0376,ELK-GSE-001,LOT-2026-107,WO-2026-1015,2026-07-24T01:23:00.000Z
ELK89-20260722-0377,ELK-GSE-001,LOT-2026-107,WO-2026-1015,2026-07-22T20:01:00.000Z
ELK89-20260724-0378,ELK-GSE-001,LOT-2026-107,WO-2026-1015,2026-07-24T17:48:00.000Z
ELK89-20260723-0379,ELK-GSE-001,LOT-2026-107,WO-2026-1015,2026-07-23T18:14:00.000Z
ELK89-20260725-0380,ELK-GSE-001,LOT-2026-107,WO-2026-1015,2026-07-25T02:13:00.000Z
ELK89-20260722-0381,ELK-GSE-001,LOT-2026-107,WO-2026-1015,2026-07-22T14:42:00.000Z
ELK89-20260722-0382,ELK-GSE-001,LOT-2026-107,WO-2026-1015,2026-07-22T16:23:00.000Z
ELK89-20260722-0383,ELK-GSE-001,LOT-2026-107,WO-2026-1015,2026-07-22T23:19:00.000Z
ELK89-20260723-0384,ELK-GSE-001,LOT-2026-107,WO-2026-1015,2026-07-23T01:04:00.000Z
ELK89-20260722-0385,ELK-GSE-001,LOT-2026-107,WO-2026-1015,2026-07-22T23:14:00.000Z
ELK89-20260728-0386,ELK-GSE-001,LOT-2026-107,WO-2026-1015,2026-07-28T19:13:00.000Z
ELK89-20260724-0387,ELK-GSE-001,LOT-2026-107,WO-2026-1015,2026-07-24T23:20:00.000Z
ELK89-20260723-0388,ELK-GSE-001,LOT-2026-107,WO-2026-1015,2026-07-23T21:55:00.000Z
ELK89-20260725-0389,ELK-GSE-001,LOT-2026-107,WO-2026-1015,2026-07-25T02:40:00.000Z
ELK89-20260726-0390,ELK-GSE-001,LOT-2026-107,WO-2026-1015,2026-07-26T20:40:00.000Z
ELK89-20260722-0391,ELK-GSE-001,LOT-2026-107,WO-2026-1015,2026-07-22T16:06:00.000Z
ELK89-20260726-0392,ELK-GSE-001,LOT-2026-107,WO-2026-1015,2026-07-26T20:15:00.000Z
ELK89-20260723-0393,ELK-GSE-001,LOT-2026-107,WO-2026-1015,2026-07-23T14:41:00.000Z
ELK89-20260728-0394,ELK-GSE-001,LOT-2026-107,WO-2026-1015,2026-07-28T01:08:00.000Z
ELK89-20260723-0395,ELK-GSE-001,LOT-2026-107,WO-2026-1015,2026-07-23T15:02:00.000Z
ELK89-20260722-0396,ELK-GSE-001,LOT-2026-107,WO-2026-1015,2026-07-22T18:33:00.000Z
ELK89-20260725-0397,ELK-GSE-001,LOT-2026-107,WO-2026-1015,2026-07-25T18:56:00.000Z
ELK89-20260723-0398,ELK-GSE-001,LOT-2026-107,WO-2026-1015,2026-07-23T19:38:00.000Z
ELK89-20260728-0399,ELK-GSE-001,LOT-2026-107,WO-2026-1015,2026-07-28T23:46:00.000Z
ELK89-20260724-0400,ELK-GSE-001,LOT-2026-108,WO-2026-1016,2026-07-24T01:57:00.000Z
ELK89-20260727-0401,ELK-GSE-001,LOT-2026-108,WO-2026-1016,2026-07-27T19:40:00.000Z
ELK89-20260729-0402,ELK-GSE-001,LOT-2026-108,WO-2026-1016,2026-07-29T03:15:00.000Z
ELK89-20260724-0403,ELK-GSE-001,LOT-2026-108,WO-2026-1016,2026-07-24T23:21:00.000Z
ELK89-20260722-0404,ELK-GSE-001,LOT-2026-108,WO-2026-1016,2026-07-22T15:51:00.000Z
ELK89-20260725-0405,ELK-GSE-001,LOT-2026-108,WO-2026-1016,2026-07-25T02:44:00.000Z
ELK89-20260727-0406,ELK-GSE-001,LOT-2026-108,WO-2026-1016,2026-07-27T13:00:00.000Z
ELK89-20260727-0407,ELK-GSE-001,LOT-2026-108,WO-2026-1016,2026-07-27T14:24:00.000Z
ELK89-20260724-0408,ELK-GSE-001,LOT-2026-108,WO-2026-1016,2026-07-24T15:39:00.000Z
ELK89-20260726-0409,ELK-GSE-001,LOT-2026-108,WO-2026-1016,2026-07-26T03:22:00.000Z
ELK89-20260722-0410,ELK-GSE-001,LOT-2026-108,WO-2026-1016,2026-07-22T18:04:00.000Z
ELK89-20260726-0411,ELK-GSE-001,LOT-2026-108,WO-2026-1016,2026-07-26T23:30:00.000Z
ELK89-20260727-0412,ELK-GSE-001,LOT-2026-108,WO-2026-1016,2026-07-27T22:21:00.000Z
ELK89-20260728-0413,ELK-GSE-001,LOT-2026-108,WO-2026-1016,2026-07-28T20:30:00.000Z
ELK89-20260722-0414,ELK-GSE-001,LOT-2026-108,WO-2026-1016,2026-07-22T16:48:00.000Z
ELK89-20260728-0415,ELK-GSE-001,LOT-2026-108,WO-2026-1016,2026-07-28T17:45:00.000Z
ELK89-20260722-0416,ELK-GSE-001,LOT-2026-108,WO-2026-1016,2026-07-22T21:21:00.000Z
ELK89-20260722-0417,ELK-GSE-001,LOT-2026-108,WO-2026-1016,2026-07-22T17:42:00.000Z
ELK90-20260722-0418,ELK-GSE-002,LOT-2026-108,WO-2026-1016,2026-07-22T21:03:00.000Z
ELK90-20260723-0419,ELK-GSE-002,LOT-2026-108,WO-2026-1016,2026-07-23T02:58:00.000Z
ELK90-20260728-0420,ELK-GSE-002,LOT-2026-108,WO-2026-1016,2026-07-28T13:45:00.000Z
ELK90-20260726-0421,ELK-GSE-002,LOT-2026-108,WO-2026-1016,2026-07-26T20:57:00.000Z
ELK90-20260724-0422,ELK-GSE-002,LOT-2026-108,WO-2026-1016,2026-07-24T15:59:00.000Z
ELK90-20260726-0423,ELK-GSE-002,LOT-2026-108,WO-2026-1016,2026-07-26T20:20:00.000Z
ELK90-20260727-0424,ELK-GSE-002,LOT-2026-108,WO-2026-1016,2026-07-27T22:00:00.000Z
ELK90-20260724-0425,ELK-GSE-002,LOT-2026-108,WO-2026-1017,2026-07-24T00:32:00.000Z
ELK90-20260725-0426,ELK-GSE-002,LOT-2026-108,WO-2026-1017,2026-07-25T15:31:00.000Z
ELK90-20260726-0427,ELK-GSE-002,LOT-2026-108,WO-2026-1017,2026-07-26T15:19:00.000Z
ELK90-20260727-0428,ELK-GSE-002,LOT-2026-108,WO-2026-1017,2026-07-27T01:38:00.000Z
ELK90-20260724-0429,ELK-GSE-002,LOT-2026-108,WO-2026-1017,2026-07-24T01:58:00.000Z
ELK90-20260726-0430,ELK-GSE-002,LOT-2026-108,WO-2026-1017,2026-07-26T19:29:00.000Z
ELK90-20260726-0431,ELK-GSE-002,LOT-2026-108,WO-2026-1017,2026-07-26T13:11:00.000Z
ELK90-20260723-0432,ELK-GSE-002,LOT-2026-108,WO-2026-1017,2026-07-23T15:07:00.000Z
ELK90-20260728-0433,ELK-GSE-002,LOT-2026-108,WO-2026-1017,2026-07-28T14:34:00.000Z
ELK90-20260725-0434,ELK-GSE-002,LOT-2026-108,WO-2026-1017,2026-07-25T02:11:00.000Z
ELK90-20260724-0435,ELK-GSE-002,LOT-2026-108,WO-2026-1017,2026-07-24T01:24:00.000Z
ELK90-20260727-0436,ELK-GSE-002,LOT-2026-108,WO-2026-1017,2026-07-27T12:54:00.000Z
ELK90-20260725-0437,ELK-GSE-002,LOT-2026-108,WO-2026-1017,2026-07-25T02:08:00.000Z
ELK90-20260722-0438,ELK-GSE-002,LOT-2026-108,WO-2026-1017,2026-07-22T21:37:00.000Z
ELK90-20260724-0439,ELK-GSE-002,LOT-2026-108,WO-2026-1017,2026-07-24T15:50:00.000Z
ELK90-20260725-0440,ELK-GSE-002,LOT-2026-108,WO-2026-1017,2026-07-25T20:13:00.000Z
ELK90-20260722-0441,ELK-GSE-002,LOT-2026-108,WO-2026-1017,2026-07-22T18:30:00.000Z
ELK90-20260726-0442,ELK-GSE-002,LOT-2026-108,WO-2026-1017,2026-07-26T22:56:00.000Z
ELK90-20260725-0443,ELK-GSE-002,LOT-2026-108,WO-2026-1017,2026-07-25T00:05:00.000Z
ELK90-20260729-0444,ELK-GSE-002,LOT-2026-108,WO-2026-1017,2026-07-29T00:53:00.000Z
ELK90-20260727-0445,ELK-GSE-002,LOT-2026-108,WO-2026-1017,2026-07-27T23:13:00.000Z
ELK90-20260726-0446,ELK-GSE-002,LOT-2026-108,WO-2026-1017,2026-07-26T20:48:00.000Z
ELK90-20260727-0447,ELK-GSE-002,LOT-2026-108,WO-2026-1017,2026-07-27T12:51:00.000Z
ELK90-20260725-0448,ELK-GSE-002,LOT-2026-108,WO-2026-1017,2026-07-25T21:36:00.000Z
ELK90-20260722-0449,ELK-GSE-002,LOT-2026-108,WO-2026-1017,2026-07-22T19:08:00.000Z
ELK90-20260727-0450,ELK-GSE-002,LOT-2026-109,WO-2026-1018,2026-07-27T00:02:00.000Z
ELK90-20260728-0451,ELK-GSE-002,LOT-2026-109,WO-2026-1018,2026-07-28T01:53:00.000Z
ELK90-20260729-0452,ELK-GSE-002,LOT-2026-109,WO-2026-1018,2026-07-29T01:20:00.000Z
ELK90-20260726-0453,ELK-GSE-002,LOT-2026-109,WO-2026-1018,2026-07-26T16:07:00.000Z
ELK90-20260726-0454,ELK-GSE-002,LOT-2026-109,WO-2026-1018,2026-07-26T13:10:00.000Z
ELK90-20260722-0455,ELK-GSE-002,LOT-2026-109,WO-2026-1018,2026-07-22T21:36:00.000Z
ELK90-20260722-0456,ELK-GSE-002,LOT-2026-109,WO-2026-1018,2026-07-22T22:29:00.000Z
ELK90-20260723-0457,ELK-GSE-002,LOT-2026-109,WO-2026-1018,2026-07-23T19:42:00.000Z
ELK90-20260726-0458,ELK-GSE-002,LOT-2026-109,WO-2026-1018,2026-07-26T17:23:00.000Z
ELK90-20260728-0459,ELK-GSE-002,LOT-2026-109,WO-2026-1018,2026-07-28T02:43:00.000Z
ELK90-20260724-0460,ELK-GSE-002,LOT-2026-109,WO-2026-1018,2026-07-24T21:04:00.000Z
ELK90-20260724-0461,ELK-GSE-002,LOT-2026-109,WO-2026-1018,2026-07-24T00:25:00.000Z
ELK90-20260726-0462,ELK-GSE-002,LOT-2026-109,WO-2026-1018,2026-07-26T21:37:00.000Z
ELK90-20260724-0463,ELK-GSE-002,LOT-2026-109,WO-2026-1018,2026-07-24T17:32:00.000Z
ELK90-20260728-0464,ELK-GSE-002,LOT-2026-109,WO-2026-1018,2026-07-28T21:27:00.000Z
ELK90-20260723-0465,ELK-GSE-002,LOT-2026-109,WO-2026-1018,2026-07-23T17:53:00.000Z
ELK90-20260726-0466,ELK-GSE-002,LOT-2026-109,WO-2026-1018,2026-07-26T01:12:00.000Z
ELK90-20260724-0467,ELK-GSE-002,LOT-2026-109,WO-2026-1018,2026-07-24T18:22:00.000Z
ELK90-20260728-0468,ELK-GSE-002,LOT-2026-109,WO-2026-1018,2026-07-28T02:06:00.000Z
ELK90-20260724-0469,ELK-GSE-002,LOT-2026-109,WO-2026-1018,2026-07-24T16:13:00.000Z
ELK90-20260728-0470,ELK-GSE-002,LOT-2026-109,WO-2026-1018,2026-07-28T02:30:00.000Z
ELK90-20260724-0471,ELK-GSE-002,LOT-2026-109,WO-2026-1018,2026-07-24T12:57:00.000Z
ELK90-20260723-0472,ELK-GSE-002,LOT-2026-109,WO-2026-1018,2026-07-23T20:55:00.000Z
ELK90-20260723-0473,ELK-GSE-002,LOT-2026-109,WO-2026-1018,2026-07-23T19:48:00.000Z
ELK90-20260727-0474,ELK-GSE-002,LOT-2026-109,WO-2026-1018,2026-07-27T03:56:00.000Z
ELK90-20260728-0475,ELK-GSE-002,LOT-2026-109,WO-2026-1019,2026-07-28T19:28:00.000Z
ELK90-20260724-0476,ELK-GSE-002,LOT-2026-109,WO-2026-1019,2026-07-24T03:28:00.000Z
ELK90-20260723-0477,ELK-GSE-002,LOT-2026-109,WO-2026-1019,2026-07-23T18:39:00.000Z
ELK90-20260728-0478,ELK-GSE-002,LOT-2026-109,WO-2026-1019,2026-07-28T02:06:00.000Z
ELK90-20260723-0479,ELK-GSE-002,LOT-2026-109,WO-2026-1019,2026-07-23T17:41:00.000Z
ELK90-20260726-0480,ELK-GSE-002,LOT-2026-109,WO-2026-1019,2026-07-26T20:07:00.000Z
ELK90-20260722-0481,ELK-GSE-002,LOT-2026-109,WO-2026-1019,2026-07-22T17:33:00.000Z
ELK90-20260728-0482,ELK-GSE-002,LOT-2026-109,WO-2026-1019,2026-07-28T23:56:00.000Z
ELK90-20260723-0483,ELK-GSE-002,LOT-2026-109,WO-2026-1019,2026-07-23T00:00:00.000Z
ELK90-20260722-0484,ELK-GSE-002,LOT-2026-109,WO-2026-1019,2026-07-22T20:31:00.000Z
ELK90-20260725-0485,ELK-GSE-002,LOT-2026-109,WO-2026-1019,2026-07-25T20:50:00.000Z
ELK90-20260727-0486,ELK-GSE-002,LOT-2026-109,WO-2026-1019,2026-07-27T23:27:00.000Z
ELK90-20260725-0487,ELK-GSE-002,LOT-2026-109,WO-2026-1019,2026-07-25T20:00:00.000Z
ELK90-20260725-0488,ELK-GSE-002,LOT-2026-109,WO-2026-1019,2026-07-25T22:08:00.000Z
ELK90-20260724-0489,ELK-GSE-002,LOT-2026-109,WO-2026-1019,2026-07-24T17:45:00.000Z
ELK90-20260728-0490,ELK-GSE-002,LOT-2026-109,WO-2026-1019,2026-07-28T17:27:00.000Z
ELK90-20260727-0491,ELK-GSE-002,LOT-2026-109,WO-2026-1019,2026-07-27T21:49:00.000Z
ELK90-20260728-0492,ELK-GSE-002,LOT-2026-109,WO-2026-1019,2026-07-28T13:23:00.000Z
ELK90-20260724-0493,ELK-GSE-002,LOT-2026-109,WO-2026-1019,2026-07-24T02:19:00.000Z
ELK90-20260729-0494,ELK-GSE-002,LOT-2026-109,WO-2026-1019,2026-07-29T03:59:00.000Z
ELK90-20260724-0495,ELK-GSE-002,LOT-2026-109,WO-2026-1019,2026-07-24T13:23:00.000Z
ELK90-20260725-0496,ELK-GSE-002,LOT-2026-109,WO-2026-1019,2026-07-25T12:27:00.000Z
ELK90-20260724-0497,ELK-GSE-002,LOT-2026-109,WO-2026-1019,2026-07-24T18:18:00.000Z
ELK90-20260724-0498,ELK-GSE-002,LOT-2026-109,WO-2026-1019,2026-07-24T15:47:00.000Z
ELK90-20260726-0499,ELK-GSE-002,LOT-2026-109,WO-2026-1019,2026-07-26T00:06:00.000Z
ELK90-20260726-0500,ELK-GSE-002,LOT-2026-110,WO-2026-1020,2026-07-26T13:15:00.000Z
MUB94-20260723-0501,MUB-CSM-001,LOT-2026-110,WO-2026-1020,2026-07-23T13:24:00.000Z
MUB94-20260722-0502,MUB-CSM-001,LOT-2026-110,WO-2026-1020,2026-07-22T20:06:00.000Z
MUB94-20260722-0503,MUB-CSM-001,LOT-2026-110,WO-2026-1020,2026-07-22T14:26:00.000Z
MUB94-20260727-0504,MUB-CSM-001,LOT-2026-110,WO-2026-1020,2026-07-27T00:33:00.000Z
MUB94-20260722-0505,MUB-CSM-001,LOT-2026-110,WO-2026-1020,2026-07-22T17:01:00.000Z
MUB94-20260724-0506,MUB-CSM-001,LOT-2026-110,WO-2026-1020,2026-07-24T03:35:00.000Z
MUB94-20260725-0507,MUB-CSM-001,LOT-2026-110,WO-2026-1020,2026-07-25T19:54:00.000Z
MUB94-20260724-0508,MUB-CSM-001,LOT-2026-110,WO-2026-1020,2026-07-24T00:34:00.000Z
MUB94-20260726-0509,MUB-CSM-001,LOT-2026-110,WO-2026-1020,2026-07-26T19:30:00.000Z
MUB94-20260727-0510,MUB-CSM-001,LOT-2026-110,WO-2026-1020,2026-07-27T13:14:00.000Z
MUB94-20260724-0511,MUB-CSM-001,LOT-2026-110,WO-2026-1020,2026-07-24T16:09:00.000Z
MUB94-20260724-0512,MUB-CSM-001,LOT-2026-110,WO-2026-1020,2026-07-24T20:25:00.000Z
MUB94-20260726-0513,MUB-CSM-001,LOT-2026-110,WO-2026-1020,2026-07-26T21:26:00.000Z
MUB94-20260728-0514,MUB-CSM-001,LOT-2026-110,WO-2026-1020,2026-07-28T02:07:00.000Z
MUB94-20260726-0515,MUB-CSM-001,LOT-2026-110,WO-2026-1020,2026-07-26T02:03:00.000Z
MUB94-20260724-0516,MUB-CSM-001,LOT-2026-110,WO-2026-1020,2026-07-24T02:21:00.000Z
MUB94-20260723-0517,MUB-CSM-001,LOT-2026-110,WO-2026-1020,2026-07-23T18:14:00.000Z
MUB94-20260725-0518,MUB-CSM-001,LOT-2026-110,WO-2026-1020,2026-07-25T23:23:00.000Z
MUB94-20260724-0519,MUB-CSM-001,LOT-2026-110,WO-2026-1020,2026-07-24T17:18:00.000Z
MUB94-20260727-0520,MUB-CSM-001,LOT-2026-110,WO-2026-1020,2026-07-27T12:57:00.000Z
MUB94-20260728-0521,MUB-CSM-001,LOT-2026-110,WO-2026-1020,2026-07-28T16:00:00.000Z
MUB94-20260725-0522,MUB-CSM-001,LOT-2026-110,WO-2026-1020,2026-07-25T17:06:00.000Z
MUB94-20260729-0523,MUB-CSM-001,LOT-2026-110,WO-2026-1020,2026-07-29T02:52:00.000Z
MUB94-20260725-0524,MUB-CSM-001,LOT-2026-110,WO-2026-1020,2026-07-25T21:27:00.000Z
MUB94-20260724-0525,MUB-CSM-001,LOT-2026-110,WO-2026-1021,2026-07-24T19:06:00.000Z
MUB94-20260722-0526,MUB-CSM-001,LOT-2026-110,WO-2026-1021,2026-07-22T16:41:00.000Z
MUB94-20260724-0527,MUB-CSM-001,LOT-2026-110,WO-2026-1021,2026-07-24T19:10:00.000Z
MUB94-20260729-0528,MUB-CSM-001,LOT-2026-110,WO-2026-1021,2026-07-29T02:22:00.000Z
MUB94-20260728-0529,MUB-CSM-001,LOT-2026-110,WO-2026-1021,2026-07-28T15:42:00.000Z
MUB94-20260728-0530,MUB-CSM-001,LOT-2026-110,WO-2026-1021,2026-07-28T03:31:00.000Z
MUB94-20260725-0531,MUB-CSM-001,LOT-2026-110,WO-2026-1021,2026-07-25T12:30:00.000Z
MUB94-20260728-0532,MUB-CSM-001,LOT-2026-110,WO-2026-1021,2026-07-28T18:09:00.000Z
MUB94-20260724-0533,MUB-CSM-001,LOT-2026-110,WO-2026-1021,2026-07-24T00:04:00.000Z
MUB94-20260727-0534,MUB-CSM-001,LOT-2026-110,WO-2026-1021,2026-07-27T23:09:00.000Z
MUB94-20260726-0535,MUB-CSM-001,LOT-2026-110,WO-2026-1021,2026-07-26T22:25:00.000Z
MUB94-20260725-0536,MUB-CSM-001,LOT-2026-110,WO-2026-1021,2026-07-25T15:06:00.000Z
MUB94-20260726-0537,MUB-CSM-001,LOT-2026-110,WO-2026-1021,2026-07-26T03:31:00.000Z
MUB94-20260729-0538,MUB-CSM-001,LOT-2026-110,WO-2026-1021,2026-07-29T03:01:00.000Z
MUB94-20260723-0539,MUB-CSM-001,LOT-2026-110,WO-2026-1021,2026-07-23T01:47:00.000Z
MUB94-20260726-0540,MUB-CSM-001,LOT-2026-110,WO-2026-1021,2026-07-26T03:48:00.000Z
MUB94-20260726-0541,MUB-CSM-001,LOT-2026-110,WO-2026-1021,2026-07-26T23:13:00.000Z
MUB94-20260724-0542,MUB-CSM-001,LOT-2026-110,WO-2026-1021,2026-07-24T14:21:00.000Z
MUB94-20260728-0543,MUB-CSM-001,LOT-2026-110,WO-2026-1021,2026-07-28T17:34:00.000Z
MUB94-20260724-0544,MUB-CSM-001,LOT-2026-110,WO-2026-1021,2026-07-24T14:40:00.000Z
MUB94-20260722-0545,MUB-CSM-001,LOT-2026-110,WO-2026-1021,2026-07-22T22:51:00.000Z
MUB94-20260728-0546,MUB-CSM-001,LOT-2026-110,WO-2026-1021,2026-07-28T01:00:00.000Z
MUB94-20260727-0547,MUB-CSM-001,LOT-2026-110,WO-2026-1021,2026-07-27T15:11:00.000Z
MUB94-20260723-0548,MUB-CSM-001,LOT-2026-110,WO-2026-1021,2026-07-23T17:24:00.000Z
MUB94-20260723-0549,MUB-CSM-001,LOT-2026-110,WO-2026-1021,2026-07-23T12:27:00.000Z
MUB94-20260722-0550,MUB-CSM-001,LOT-2026-111,WO-2026-1022,2026-07-22T15:52:00.000Z
MUB94-20260723-0551,MUB-CSM-001,LOT-2026-111,WO-2026-1022,2026-07-23T17:56:00.000Z
MUB94-20260728-0552,MUB-CSM-001,LOT-2026-111,WO-2026-1022,2026-07-28T18:34:00.000Z
MUB94-20260723-0553,MUB-CSM-001,LOT-2026-111,WO-2026-1022,2026-07-23T21:18:00.000Z
MUB94-20260723-0554,MUB-CSM-001,LOT-2026-111,WO-2026-1022,2026-07-23T17:41:00.000Z
MUB94-20260723-0555,MUB-CSM-001,LOT-2026-111,WO-2026-1022,2026-07-23T13:26:00.000Z
MUB94-20260722-0556,MUB-CSM-001,LOT-2026-111,WO-2026-1022,2026-07-22T17:58:00.000Z
MUB94-20260728-0557,MUB-CSM-001,LOT-2026-111,WO-2026-1022,2026-07-28T17:00:00.000Z
MUB94-20260726-0558,MUB-CSM-001,LOT-2026-111,WO-2026-1022,2026-07-26T17:53:00.000Z
MUB94-20260723-0559,MUB-CSM-001,LOT-2026-111,WO-2026-1022,2026-07-23T17:28:00.000Z
MUB94-20260728-0560,MUB-CSM-001,LOT-2026-111,WO-2026-1022,2026-07-28T23:56:00.000Z
MUB94-20260726-0561,MUB-CSM-001,LOT-2026-111,WO-2026-1022,2026-07-26T02:20:00.000Z
MUB94-20260724-0562,MUB-CSM-001,LOT-2026-111,WO-2026-1022,2026-07-24T18:02:00.000Z
MUB94-20260726-0563,MUB-CSM-001,LOT-2026-111,WO-2026-1022,2026-07-26T13:26:00.000Z
MUB94-20260728-0564,MUB-CSM-001,LOT-2026-111,WO-2026-1022,2026-07-28T17:11:00.000Z
MUB94-20260724-0565,MUB-CSM-001,LOT-2026-111,WO-2026-1022,2026-07-24T17:55:00.000Z
MUB94-20260729-0566,MUB-CSM-001,LOT-2026-111,WO-2026-1022,2026-07-29T00:16:00.000Z
MUB94-20260724-0567,MUB-CSM-001,LOT-2026-111,WO-2026-1022,2026-07-24T01:12:00.000Z
MUB94-20260728-0568,MUB-CSM-001,LOT-2026-111,WO-2026-1022,2026-07-28T20:00:00.000Z
MUB94-20260728-0569,MUB-CSM-001,LOT-2026-111,WO-2026-1022,2026-07-28T17:01:00.000Z
MUB94-20260726-0570,MUB-CSM-001,LOT-2026-111,WO-2026-1022,2026-07-26T15:00:00.000Z
MUB94-20260722-0571,MUB-CSM-001,LOT-2026-111,WO-2026-1022,2026-07-22T22:36:00.000Z
MUB94-20260728-0572,MUB-CSM-001,LOT-2026-111,WO-2026-1022,2026-07-28T00:12:00.000Z
MUB94-20260725-0573,MUB-CSM-001,LOT-2026-111,WO-2026-1022,2026-07-25T14:54:00.000Z
MUB94-20260724-0574,MUB-CSM-001,LOT-2026-111,WO-2026-1022,2026-07-24T14:14:00.000Z
MUB94-20260727-0575,MUB-CSM-001,LOT-2026-111,WO-2026-1023,2026-07-27T02:27:00.000Z
MUB94-20260722-0576,MUB-CSM-001,LOT-2026-111,WO-2026-1023,2026-07-22T23:07:00.000Z
MUB94-20260728-0577,MUB-CSM-001,LOT-2026-111,WO-2026-1023,2026-07-28T19:21:00.000Z
MUB94-20260728-0578,MUB-CSM-001,LOT-2026-111,WO-2026-1023,2026-07-28T19:08:00.000Z
MUB94-20260722-0579,MUB-CSM-001,LOT-2026-111,WO-2026-1023,2026-07-22T16:48:00.000Z
MUB94-20260727-0580,MUB-CSM-001,LOT-2026-111,WO-2026-1023,2026-07-27T12:04:00.000Z
MUB94-20260725-0581,MUB-CSM-001,LOT-2026-111,WO-2026-1023,2026-07-25T12:13:00.000Z
MUB94-20260722-0582,MUB-CSM-001,LOT-2026-111,WO-2026-1023,2026-07-22T23:17:00.000Z
MUB94-20260727-0583,MUB-CSM-001,LOT-2026-111,WO-2026-1023,2026-07-27T14:39:00.000Z
MUB94-20260722-0584,MUB-CSM-001,LOT-2026-111,WO-2026-1023,2026-07-22T18:20:00.000Z
MUB94-20260724-0585,MUB-CSM-001,LOT-2026-111,WO-2026-1023,2026-07-24T13:05:00.000Z
MUB94-20260724-0586,MUB-CSM-001,LOT-2026-111,WO-2026-1023,2026-07-24T19:13:00.000Z
MUB94-20260728-0587,MUB-CSM-001,LOT-2026-111,WO-2026-1023,2026-07-28T02:17:00.000Z
MUB94-20260724-0588,MUB-CSM-001,LOT-2026-111,WO-2026-1023,2026-07-24T14:58:00.000Z
MUB94-20260728-0589,MUB-CSM-001,LOT-2026-111,WO-2026-1023,2026-07-28T21:51:00.000Z
MUB94-20260724-0590,MUB-CSM-001,LOT-2026-111,WO-2026-1023,2026-07-24T02:37:00.000Z
MUB94-20260725-0591,MUB-CSM-001,LOT-2026-111,WO-2026-1023,2026-07-25T01:29:00.000Z
MUB94-20260725-0592,MUB-CSM-001,LOT-2026-111,WO-2026-1023,2026-07-25T23:33:00.000Z
MUB94-20260728-0593,MUB-CSM-001,LOT-2026-111,WO-2026-1023,2026-07-28T18:04:00.000Z
MUB94-20260725-0594,MUB-CSM-001,LOT-2026-111,WO-2026-1023,2026-07-25T17:08:00.000Z
MUB94-20260723-0595,MUB-CSM-001,LOT-2026-111,WO-2026-1023,2026-07-23T23:45:00.000Z
MUB94-20260724-0596,MUB-CSM-001,LOT-2026-111,WO-2026-1023,2026-07-24T19:00:00.000Z
MUB94-20260728-0597,MUB-CSM-001,LOT-2026-111,WO-2026-1023,2026-07-28T18:16:00.000Z
MUB94-20260726-0598,MUB-CSM-001,LOT-2026-111,WO-2026-1023,2026-07-26T03:30:00.000Z
MUB94-20260727-0599,MUB-CSM-001,LOT-2026-111,WO-2026-1023,2026-07-27T20:53:00.000Z
MUB94-20260722-0600,MUB-CSM-001,LOT-2026-112,WO-2026-1024,2026-07-22T12:55:00.000Z
MUB94-20260724-0601,MUB-CSM-001,LOT-2026-112,WO-2026-1024,2026-07-24T02:03:00.000Z
MUB94-20260723-0602,MUB-CSM-001,LOT-2026-112,WO-2026-1024,2026-07-23T01:45:00.000Z
MUB94-20260725-0603,MUB-CSM-001,LOT-2026-112,WO-2026-1024,2026-07-25T18:18:00.000Z
MUB94-20260723-0604,MUB-CSM-001,LOT-2026-112,WO-2026-1024,2026-07-23T16:41:00.000Z
MUB94-20260728-0605,MUB-CSM-001,LOT-2026-112,WO-2026-1024,2026-07-28T23:28:00.000Z
MUB94-20260723-0606,MUB-CSM-001,LOT-2026-112,WO-2026-1024,2026-07-23T01:25:00.000Z
MUB94-20260726-0607,MUB-CSM-001,LOT-2026-112,WO-2026-1024,2026-07-26T14:12:00.000Z
MUB94-20260725-0608,MUB-CSM-001,LOT-2026-112,WO-2026-1024,2026-07-25T16:19:00.000Z
MUB94-20260722-0609,MUB-CSM-001,LOT-2026-112,WO-2026-1024,2026-07-22T16:26:00.000Z
MUB94-20260727-0610,MUB-CSM-001,LOT-2026-112,WO-2026-1024,2026-07-27T16:10:00.000Z
MUB94-20260727-0611,MUB-CSM-001,LOT-2026-112,WO-2026-1024,2026-07-27T16:33:00.000Z
MUB94-20260723-0612,MUB-CSM-001,LOT-2026-112,WO-2026-1024,2026-07-23T16:48:00.000Z
MUB94-20260722-0613,MUB-CSM-001,LOT-2026-112,WO-2026-1024,2026-07-22T19:53:00.000Z
MUB94-20260727-0614,MUB-CSM-001,LOT-2026-112,WO-2026-1024,2026-07-27T20:19:00.000Z
MUB94-20260724-0615,MUB-CSM-001,LOT-2026-112,WO-2026-1024,2026-07-24T19:08:00.000Z
MUB94-20260726-0616,MUB-CSM-001,LOT-2026-112,WO-2026-1024,2026-07-26T22:01:00.000Z
MUB94-20260722-0617,MUB-CSM-001,LOT-2026-112,WO-2026-1024,2026-07-22T18:34:00.000Z
MUB94-20260725-0618,MUB-CSM-001,LOT-2026-112,WO-2026-1024,2026-07-25T22:07:00.000Z
MUB94-20260722-0619,MUB-CSM-001,LOT-2026-112,WO-2026-1024,2026-07-22T20:17:00.000Z
MUB94-20260725-0620,MUB-CSM-001,LOT-2026-112,WO-2026-1024,2026-07-25T17:26:00.000Z
MUB94-20260728-0621,MUB-CSM-001,LOT-2026-112,WO-2026-1024,2026-07-28T18:11:00.000Z
MUB94-20260723-0622,MUB-CSM-001,LOT-2026-112,WO-2026-1024,2026-07-23T20:21:00.000Z
MUB94-20260725-0623,MUB-CSM-001,LOT-2026-112,WO-2026-1024,2026-07-25T01:08:00.000Z
MUB94-20260726-0624,MUB-CSM-001,LOT-2026-112,WO-2026-1024,2026-07-26T23:09:00.000Z
MUB94-20260728-0625,MUB-CSM-001,LOT-2026-112,WO-2026-1025,2026-07-28T22:48:00.000Z
MUB95-20260722-0626,MUB-CSM-002,LOT-2026-112,WO-2026-1025,2026-07-22T19:26:00.000Z
MUB95-20260727-0627,MUB-CSM-002,LOT-2026-112,WO-2026-1025,2026-07-27T21:49:00.000Z
MUB95-20260724-0628,MUB-CSM-002,LOT-2026-112,WO-2026-1025,2026-07-24T15:57:00.000Z
MUB95-20260726-0629,MUB-CSM-002,LOT-2026-112,WO-2026-1025,2026-07-26T16:51:00.000Z
MUB95-20260728-0630,MUB-CSM-002,LOT-2026-112,WO-2026-1025,2026-07-28T02:51:00.000Z
MUB95-20260725-0631,MUB-CSM-002,LOT-2026-112,WO-2026-1025,2026-07-25T21:21:00.000Z
MUB95-20260722-0632,MUB-CSM-002,LOT-2026-112,WO-2026-1025,2026-07-22T19:33:00.000Z
MUB95-20260725-0633,MUB-CSM-002,LOT-2026-112,WO-2026-1025,2026-07-25T14:24:00.000Z
MUB95-20260724-0634,MUB-CSM-002,LOT-2026-112,WO-2026-1025,2026-07-24T20:57:00.000Z
MUB95-20260723-0635,MUB-CSM-002,LOT-2026-112,WO-2026-1025,2026-07-23T15:58:00.000Z
MUB95-20260724-0636,MUB-CSM-002,LOT-2026-112,WO-2026-1025,2026-07-24T23:27:00.000Z
MUB95-20260722-0637,MUB-CSM-002,LOT-2026-112,WO-2026-1025,2026-07-22T17:36:00.000Z
MUB95-20260725-0638,MUB-CSM-002,LOT-2026-112,WO-2026-1025,2026-07-25T00:57:00.000Z
MUB95-20260727-0639,MUB-CSM-002,LOT-2026-112,WO-2026-1025,2026-07-27T00:09:00.000Z
MUB95-20260728-0640,MUB-CSM-002,LOT-2026-112,WO-2026-1025,2026-07-28T16:19:00.000Z
MUB95-20260722-0641,MUB-CSM-002,LOT-2026-112,WO-2026-1025,2026-07-22T18:00:00.000Z
MUB95-20260723-0642,MUB-CSM-002,LOT-2026-112,WO-2026-1025,2026-07-23T02:01:00.000Z
MUB95-20260728-0643,MUB-CSM-002,LOT-2026-112,WO-2026-1025,2026-07-28T21:13:00.000Z
MUB95-20260724-0644,MUB-CSM-002,LOT-2026-112,WO-2026-1025,2026-07-24T02:12:00.000Z
MUB95-20260723-0645,MUB-CSM-002,LOT-2026-112,WO-2026-1025,2026-07-23T17:31:00.000Z
MUB95-20260727-0646,MUB-CSM-002,LOT-2026-112,WO-2026-1025,2026-07-27T00:58:00.000Z
MUB95-20260728-0647,MUB-CSM-002,LOT-2026-112,WO-2026-1025,2026-07-28T23:22:00.000Z
MUB95-20260727-0648,MUB-CSM-002,LOT-2026-112,WO-2026-1025,2026-07-27T15:27:00.000Z
MUB95-20260722-0649,MUB-CSM-002,LOT-2026-112,WO-2026-1025,2026-07-22T23:16:00.000Z
MUB95-20260727-0650,MUB-CSM-002,LOT-2026-113,WO-2026-1026,2026-07-27T15:44:00.000Z
MUB95-20260725-0651,MUB-CSM-002,LOT-2026-113,WO-2026-1026,2026-07-25T15:33:00.000Z
MUB95-20260723-0652,MUB-CSM-002,LOT-2026-113,WO-2026-1026,2026-07-23T13:41:00.000Z
MUB95-20260725-0653,MUB-CSM-002,LOT-2026-113,WO-2026-1026,2026-07-25T02:11:00.000Z
MUB95-20260723-0654,MUB-CSM-002,LOT-2026-113,WO-2026-1026,2026-07-23T19:51:00.000Z
MUB95-20260726-0655,MUB-CSM-002,LOT-2026-113,WO-2026-1026,2026-07-26T21:05:00.000Z
MUB95-20260725-0656,MUB-CSM-002,LOT-2026-113,WO-2026-1026,2026-07-25T01:04:00.000Z
MUB95-20260724-0657,MUB-CSM-002,LOT-2026-113,WO-2026-1026,2026-07-24T01:24:00.000Z
MUB95-20260727-0658,MUB-CSM-002,LOT-2026-113,WO-2026-1026,2026-07-27T20:00:00.000Z
MUB95-20260727-0659,MUB-CSM-002,LOT-2026-113,WO-2026-1026,2026-07-27T18:54:00.000Z
MUB95-20260724-0660,MUB-CSM-002,LOT-2026-113,WO-2026-1026,2026-07-24T22:59:00.000Z
MUB95-20260723-0661,MUB-CSM-002,LOT-2026-113,WO-2026-1026,2026-07-23T13:41:00.000Z
MUB95-20260727-0662,MUB-CSM-002,LOT-2026-113,WO-2026-1026,2026-07-27T17:41:00.000Z
MUB95-20260726-0663,MUB-CSM-002,LOT-2026-113,WO-2026-1026,2026-07-26T23:11:00.000Z
MUB95-20260722-0664,MUB-CSM-002,LOT-2026-113,WO-2026-1026,2026-07-22T19:49:00.000Z
MUB95-20260725-0665,MUB-CSM-002,LOT-2026-113,WO-2026-1026,2026-07-25T12:45:00.000Z
MUB95-20260727-0666,MUB-CSM-002,LOT-2026-113,WO-2026-1026,2026-07-27T21:03:00.000Z
MUB95-20260726-0667,MUB-CSM-002,LOT-2026-113,WO-2026-1026,2026-07-26T15:45:00.000Z
MUB95-20260722-0668,MUB-CSM-002,LOT-2026-113,WO-2026-1026,2026-07-22T14:00:00.000Z
MUB95-20260725-0669,MUB-CSM-002,LOT-2026-113,WO-2026-1026,2026-07-25T16:04:00.000Z
MUB95-20260727-0670,MUB-CSM-002,LOT-2026-113,WO-2026-1026,2026-07-27T15:15:00.000Z
MUB95-20260722-0671,MUB-CSM-002,LOT-2026-113,WO-2026-1026,2026-07-22T19:38:00.000Z
MUB95-20260722-0672,MUB-CSM-002,LOT-2026-113,WO-2026-1026,2026-07-22T15:52:00.000Z
MUB95-20260723-0673,MUB-CSM-002,LOT-2026-113,WO-2026-1026,2026-07-23T17:20:00.000Z
MUB95-20260726-0674,MUB-CSM-002,LOT-2026-113,WO-2026-1026,2026-07-26T14:47:00.000Z
MUB95-20260722-0675,MUB-CSM-002,LOT-2026-113,WO-2026-1027,2026-07-22T23:03:00.000Z
MUB95-20260726-0676,MUB-CSM-002,LOT-2026-113,WO-2026-1027,2026-07-26T17:29:00.000Z
MUB95-20260723-0677,MUB-CSM-002,LOT-2026-113,WO-2026-1027,2026-07-23T17:02:00.000Z
MUB95-20260727-0678,MUB-CSM-002,LOT-2026-113,WO-2026-1027,2026-07-27T17:42:00.000Z
MUB95-20260722-0679,MUB-CSM-002,LOT-2026-113,WO-2026-1027,2026-07-22T15:39:00.000Z
MUB95-20260726-0680,MUB-CSM-002,LOT-2026-113,WO-2026-1027,2026-07-26T13:40:00.000Z
MUB95-20260727-0681,MUB-CSM-002,LOT-2026-113,WO-2026-1027,2026-07-27T22:07:00.000Z
MUB95-20260725-0682,MUB-CSM-002,LOT-2026-113,WO-2026-1027,2026-07-25T02:45:00.000Z
MUB95-20260726-0683,MUB-CSM-002,LOT-2026-113,WO-2026-1027,2026-07-26T01:28:00.000Z
MUB95-20260723-0684,MUB-CSM-002,LOT-2026-113,WO-2026-1027,2026-07-23T16:33:00.000Z
MUB95-20260723-0685,MUB-CSM-002,LOT-2026-113,WO-2026-1027,2026-07-23T15:40:00.000Z
MUB95-20260725-0686,MUB-CSM-002,LOT-2026-113,WO-2026-1027,2026-07-25T03:41:00.000Z
MUB95-20260727-0687,MUB-CSM-002,LOT-2026-113,WO-2026-1027,2026-07-27T12:54:00.000Z
MUB95-20260724-0688,MUB-CSM-002,LOT-2026-113,WO-2026-1027,2026-07-24T13:18:00.000Z
MUB95-20260726-0689,MUB-CSM-002,LOT-2026-113,WO-2026-1027,2026-07-26T00:45:00.000Z
MUB95-20260729-0690,MUB-CSM-002,LOT-2026-113,WO-2026-1027,2026-07-29T02:41:00.000Z
MUB95-20260723-0691,MUB-CSM-002,LOT-2026-113,WO-2026-1027,2026-07-23T22:53:00.000Z
MUB95-20260727-0692,MUB-CSM-002,LOT-2026-113,WO-2026-1027,2026-07-27T02:06:00.000Z
MUB95-20260729-0693,MUB-CSM-002,LOT-2026-113,WO-2026-1027,2026-07-29T00:15:00.000Z
MUB95-20260724-0694,MUB-CSM-002,LOT-2026-113,WO-2026-1027,2026-07-24T03:49:00.000Z
MUB95-20260723-0695,MUB-CSM-002,LOT-2026-113,WO-2026-1027,2026-07-23T13:41:00.000Z
MUB95-20260725-0696,MUB-CSM-002,LOT-2026-113,WO-2026-1027,2026-07-25T03:22:00.000Z
MUB95-20260726-0697,MUB-CSM-002,LOT-2026-113,WO-2026-1027,2026-07-26T02:01:00.000Z
MUB95-20260724-0698,MUB-CSM-002,LOT-2026-113,WO-2026-1027,2026-07-24T13:12:00.000Z
MUB95-20260725-0699,MUB-CSM-002,LOT-2026-113,WO-2026-1027,2026-07-25T16:33:00.000Z
MUB95-20260727-0700,MUB-CSM-002,LOT-2026-114,WO-2026-1028,2026-07-27T23:27:00.000Z
MUB95-20260727-0701,MUB-CSM-002,LOT-2026-114,WO-2026-1028,2026-07-27T01:06:00.000Z
MUB95-20260728-0702,MUB-CSM-002,LOT-2026-114,WO-2026-1028,2026-07-28T18:46:00.000Z
MUB95-20260723-0703,MUB-CSM-002,LOT-2026-114,WO-2026-1028,2026-07-23T02:54:00.000Z
MUB95-20260725-0704,MUB-CSM-002,LOT-2026-114,WO-2026-1028,2026-07-25T19:10:00.000Z
MUB95-20260727-0705,MUB-CSM-002,LOT-2026-114,WO-2026-1028,2026-07-27T17:45:00.000Z
MUB95-20260726-0706,MUB-CSM-002,LOT-2026-114,WO-2026-1028,2026-07-26T19:39:00.000Z
MUB95-20260724-0707,MUB-CSM-002,LOT-2026-114,WO-2026-1028,2026-07-24T17:14:00.000Z
MUB95-20260724-0708,MUB-CSM-002,LOT-2026-114,WO-2026-1028,2026-07-24T14:00:00.000Z
MUB95-20260727-0709,MUB-CSM-002,LOT-2026-114,WO-2026-1028,2026-07-27T18:05:00.000Z
MUB95-20260723-0710,MUB-CSM-002,LOT-2026-114,WO-2026-1028,2026-07-23T20:38:00.000Z
MUB95-20260726-0711,MUB-CSM-002,LOT-2026-114,WO-2026-1028,2026-07-26T22:22:00.000Z
MUB95-20260723-0712,MUB-CSM-002,LOT-2026-114,WO-2026-1028,2026-07-23T00:36:00.000Z
MUB95-20260722-0713,MUB-CSM-002,LOT-2026-114,WO-2026-1028,2026-07-22T19:10:00.000Z
MUB95-20260725-0714,MUB-CSM-002,LOT-2026-114,WO-2026-1028,2026-07-25T00:17:00.000Z
MUB95-20260724-0715,MUB-CSM-002,LOT-2026-114,WO-2026-1028,2026-07-24T00:32:00.000Z
MUB95-20260724-0716,MUB-CSM-002,LOT-2026-114,WO-2026-1028,2026-07-24T16:23:00.000Z
MUB95-20260722-0717,MUB-CSM-002,LOT-2026-114,WO-2026-1028,2026-07-22T13:26:00.000Z
MUB95-20260724-0718,MUB-CSM-002,LOT-2026-114,WO-2026-1028,2026-07-24T21:34:00.000Z
MUB95-20260728-0719,MUB-CSM-002,LOT-2026-114,WO-2026-1028,2026-07-28T13:05:00.000Z
MUB95-20260727-0720,MUB-CSM-002,LOT-2026-114,WO-2026-1028,2026-07-27T03:00:00.000Z
MUB95-20260724-0721,MUB-CSM-002,LOT-2026-114,WO-2026-1028,2026-07-24T15:56:00.000Z
MUB95-20260723-0722,MUB-CSM-002,LOT-2026-114,WO-2026-1028,2026-07-23T13:34:00.000Z
MUB95-20260728-0723,MUB-CSM-002,LOT-2026-114,WO-2026-1028,2026-07-28T03:57:00.000Z
MUB95-20260722-0724,MUB-CSM-002,LOT-2026-114,WO-2026-1028,2026-07-22T20:50:00.000Z
MUB95-20260725-0725,MUB-CSM-002,LOT-2026-114,WO-2026-1029,2026-07-25T01:54:00.000Z
MUB95-20260724-0726,MUB-CSM-002,LOT-2026-114,WO-2026-1029,2026-07-24T00:37:00.000Z
MUB95-20260725-0727,MUB-CSM-002,LOT-2026-114,WO-2026-1029,2026-07-25T15:06:00.000Z
MUB95-20260724-0728,MUB-CSM-002,LOT-2026-114,WO-2026-1029,2026-07-24T22:16:00.000Z
MUB95-20260723-0729,MUB-CSM-002,LOT-2026-114,WO-2026-1029,2026-07-23T23:58:00.000Z
MUB95-20260729-0730,MUB-CSM-002,LOT-2026-114,WO-2026-1029,2026-07-29T02:28:00.000Z
MUB95-20260727-0731,MUB-CSM-002,LOT-2026-114,WO-2026-1029,2026-07-27T00:05:00.000Z
MUB95-20260724-0732,MUB-CSM-002,LOT-2026-114,WO-2026-1029,2026-07-24T22:37:00.000Z
MUB95-20260727-0733,MUB-CSM-002,LOT-2026-114,WO-2026-1029,2026-07-27T03:57:00.000Z
MUB95-20260722-0734,MUB-CSM-002,LOT-2026-114,WO-2026-1029,2026-07-22T18:41:00.000Z
MUB95-20260726-0735,MUB-CSM-002,LOT-2026-114,WO-2026-1029,2026-07-26T18:13:00.000Z
MUB95-20260724-0736,MUB-CSM-002,LOT-2026-114,WO-2026-1029,2026-07-24T22:56:00.000Z
MUB95-20260725-0737,MUB-CSM-002,LOT-2026-114,WO-2026-1029,2026-07-25T15:53:00.000Z
MUB95-20260724-0738,MUB-CSM-002,LOT-2026-114,WO-2026-1029,2026-07-24T02:40:00.000Z
MUB95-20260725-0739,MUB-CSM-002,LOT-2026-114,WO-2026-1029,2026-07-25T19:49:00.000Z
MUB95-20260727-0740,MUB-CSM-002,LOT-2026-114,WO-2026-1029,2026-07-27T16:14:00.000Z
MUB95-20260727-0741,MUB-CSM-002,LOT-2026-114,WO-2026-1029,2026-07-27T01:16:00.000Z
MUB95-20260722-0742,MUB-CSM-002,LOT-2026-114,WO-2026-1029,2026-07-22T17:52:00.000Z
MUB95-20260722-0743,MUB-CSM-002,LOT-2026-114,WO-2026-1029,2026-07-22T21:09:00.000Z
MUB95-20260723-0744,MUB-CSM-002,LOT-2026-114,WO-2026-1029,2026-07-23T14:38:00.000Z
MUB95-20260726-0745,MUB-CSM-002,LOT-2026-114,WO-2026-1029,2026-07-26T00:18:00.000Z
MUB95-20260723-0746,MUB-CSM-002,LOT-2026-114,WO-2026-1029,2026-07-23T13:14:00.000Z
MUB95-20260725-0747,MUB-CSM-002,LOT-2026-114,WO-2026-1029,2026-07-25T13:49:00.000Z
MUB95-20260722-0748,MUB-CSM-002,LOT-2026-114,WO-2026-1029,2026-07-22T21:08:00.000Z
MUB95-20260723-0749,MUB-CSM-002,LOT-2026-114,WO-2026-1029,2026-07-23T17:17:00.000Z
MUB95-20260727-0750,MUB-CSM-002,LOT-2026-115,WO-2026-1030,2026-07-27T16:09:00.000Z
FAU74-20260724-0751,FAU-DPA-001,LOT-2026-115,WO-2026-1030,2026-07-24T21:10:00.000Z
FAU74-20260726-0752,FAU-DPA-001,LOT-2026-115,WO-2026-1030,2026-07-26T19:11:00.000Z
FAU74-20260722-0753,FAU-DPA-001,LOT-2026-115,WO-2026-1030,2026-07-22T13:54:00.000Z
FAU74-20260725-0754,FAU-DPA-001,LOT-2026-115,WO-2026-1030,2026-07-25T14:09:00.000Z
FAU74-20260726-0755,FAU-DPA-001,LOT-2026-115,WO-2026-1030,2026-07-26T19:15:00.000Z
FAU74-20260729-0756,FAU-DPA-001,LOT-2026-115,WO-2026-1030,2026-07-29T02:02:00.000Z
FAU74-20260728-0757,FAU-DPA-001,LOT-2026-115,WO-2026-1030,2026-07-28T21:39:00.000Z
FAU74-20260727-0758,FAU-DPA-001,LOT-2026-115,WO-2026-1030,2026-07-27T15:01:00.000Z
FAU74-20260729-0759,FAU-DPA-001,LOT-2026-115,WO-2026-1030,2026-07-29T02:48:00.000Z
FAU74-20260727-0760,FAU-DPA-001,LOT-2026-115,WO-2026-1030,2026-07-27T12:26:00.000Z
FAU74-20260727-0761,FAU-DPA-001,LOT-2026-115,WO-2026-1030,2026-07-27T22:12:00.000Z
FAU74-20260722-0762,FAU-DPA-001,LOT-2026-115,WO-2026-1030,2026-07-22T13:57:00.000Z
FAU74-20260723-0763,FAU-DPA-001,LOT-2026-115,WO-2026-1030,2026-07-23T16:17:00.000Z
FAU74-20260723-0764,FAU-DPA-001,LOT-2026-115,WO-2026-1030,2026-07-23T01:36:00.000Z
FAU74-20260722-0765,FAU-DPA-001,LOT-2026-115,WO-2026-1030,2026-07-22T20:39:00.000Z
FAU74-20260722-0766,FAU-DPA-001,LOT-2026-115,WO-2026-1030,2026-07-22T21:33:00.000Z
FAU74-20260726-0767,FAU-DPA-001,LOT-2026-115,WO-2026-1030,2026-07-26T03:10:00.000Z
FAU74-20260725-0768,FAU-DPA-001,LOT-2026-115,WO-2026-1030,2026-07-25T16:15:00.000Z
FAU74-20260728-0769,FAU-DPA-001,LOT-2026-115,WO-2026-1030,2026-07-28T17:37:00.000Z
FAU74-20260724-0770,FAU-DPA-001,LOT-2026-115,WO-2026-1030,2026-07-24T21:02:00.000Z
FAU74-20260728-0771,FAU-DPA-001,LOT-2026-115,WO-2026-1030,2026-07-28T14:49:00.000Z
FAU74-20260725-0772,FAU-DPA-001,LOT-2026-115,WO-2026-1030,2026-07-25T01:55:00.000Z
FAU74-20260723-0773,FAU-DPA-001,LOT-2026-115,WO-2026-1030,2026-07-23T19:23:00.000Z
FAU74-20260723-0774,FAU-DPA-001,LOT-2026-115,WO-2026-1030,2026-07-23T01:53:00.000Z
FAU74-20260725-0775,FAU-DPA-001,LOT-2026-115,WO-2026-1031,2026-07-25T00:32:00.000Z
FAU74-20260724-0776,FAU-DPA-001,LOT-2026-115,WO-2026-1031,2026-07-24T18:19:00.000Z
FAU74-20260725-0777,FAU-DPA-001,LOT-2026-115,WO-2026-1031,2026-07-25T00:44:00.000Z
FAU74-20260726-0778,FAU-DPA-001,LOT-2026-115,WO-2026-1031,2026-07-26T13:12:00.000Z
FAU74-20260729-0779,FAU-DPA-001,LOT-2026-115,WO-2026-1031,2026-07-29T03:42:00.000Z
FAU74-20260729-0780,FAU-DPA-001,LOT-2026-115,WO-2026-1031,2026-07-29T02:50:00.000Z
FAU74-20260723-0781,FAU-DPA-001,LOT-2026-115,WO-2026-1031,2026-07-23T19:23:00.000Z
FAU74-20260729-0782,FAU-DPA-001,LOT-2026-115,WO-2026-1031,2026-07-29T00:33:00.000Z
FAU74-20260727-0783,FAU-DPA-001,LOT-2026-115,WO-2026-1031,2026-07-27T23:06:00.000Z
FAU74-20260726-0784,FAU-DPA-001,LOT-2026-115,WO-2026-1031,2026-07-26T21:05:00.000Z
FAU74-20260727-0785,FAU-DPA-001,LOT-2026-115,WO-2026-1031,2026-07-27T16:46:00.000Z
FAU74-20260727-0786,FAU-DPA-001,LOT-2026-115,WO-2026-1031,2026-07-27T12:50:00.000Z
FAU74-20260726-0787,FAU-DPA-001,LOT-2026-115,WO-2026-1031,2026-07-26T13:22:00.000Z
FAU74-20260725-0788,FAU-DPA-001,LOT-2026-115,WO-2026-1031,2026-07-25T18:07:00.000Z
FAU74-20260724-0789,FAU-DPA-001,LOT-2026-115,WO-2026-1031,2026-07-24T14:24:00.000Z
FAU74-20260726-0790,FAU-DPA-001,LOT-2026-115,WO-2026-1031,2026-07-26T15:05:00.000Z
FAU74-20260724-0791,FAU-DPA-001,LOT-2026-115,WO-2026-1031,2026-07-24T14:54:00.000Z
FAU74-20260728-0792,FAU-DPA-001,LOT-2026-115,WO-2026-1031,2026-07-28T16:11:00.000Z
FAU74-20260727-0793,FAU-DPA-001,LOT-2026-115,WO-2026-1031,2026-07-27T00:25:00.000Z
FAU74-20260728-0794,FAU-DPA-001,LOT-2026-115,WO-2026-1031,2026-07-28T21:20:00.000Z
FAU74-20260726-0795,FAU-DPA-001,LOT-2026-115,WO-2026-1031,2026-07-26T22:52:00.000Z
FAU74-20260724-0796,FAU-DPA-001,LOT-2026-115,WO-2026-1031,2026-07-24T16:44:00.000Z
FAU74-20260725-0797,FAU-DPA-001,LOT-2026-115,WO-2026-1031,2026-07-25T17:49:00.000Z
FAU74-20260728-0798,FAU-DPA-001,LOT-2026-115,WO-2026-1031,2026-07-28T17:50:00.000Z
FAU74-20260723-0799,FAU-DPA-001,LOT-2026-115,WO-2026-1031,2026-07-23T02:19:00.000Z
FAU74-20260724-0800,FAU-DPA-001,LOT-2026-116,WO-2026-1032,2026-07-24T23:15:00.000Z
FAU74-20260723-0801,FAU-DPA-001,LOT-2026-116,WO-2026-1032,2026-07-23T00:18:00.000Z
FAU74-20260723-0802,FAU-DPA-001,LOT-2026-116,WO-2026-1032,2026-07-23T17:35:00.000Z
FAU74-20260722-0803,FAU-DPA-001,LOT-2026-116,WO-2026-1032,2026-07-22T17:31:00.000Z
FAU74-20260722-0804,FAU-DPA-001,LOT-2026-116,WO-2026-1032,2026-07-22T16:59:00.000Z
FAU74-20260727-0805,FAU-DPA-001,LOT-2026-116,WO-2026-1032,2026-07-27T18:08:00.000Z
FAU74-20260727-0806,FAU-DPA-001,LOT-2026-116,WO-2026-1032,2026-07-27T13:32:00.000Z
FAU74-20260723-0807,FAU-DPA-001,LOT-2026-116,WO-2026-1032,2026-07-23T00:22:00.000Z
FAU74-20260729-0808,FAU-DPA-001,LOT-2026-116,WO-2026-1032,2026-07-29T00:14:00.000Z
FAU74-20260727-0809,FAU-DPA-001,LOT-2026-116,WO-2026-1032,2026-07-27T22:30:00.000Z
FAU74-20260723-0810,FAU-DPA-001,LOT-2026-116,WO-2026-1032,2026-07-23T16:54:00.000Z
FAU74-20260725-0811,FAU-DPA-001,LOT-2026-116,WO-2026-1032,2026-07-25T00:10:00.000Z
FAU74-20260723-0812,FAU-DPA-001,LOT-2026-116,WO-2026-1032,2026-07-23T12:24:00.000Z
FAU74-20260724-0813,FAU-DPA-001,LOT-2026-116,WO-2026-1032,2026-07-24T13:28:00.000Z
FAU74-20260725-0814,FAU-DPA-001,LOT-2026-116,WO-2026-1032,2026-07-25T12:45:00.000Z
FAU74-20260724-0815,FAU-DPA-001,LOT-2026-116,WO-2026-1032,2026-07-24T12:39:00.000Z
FAU74-20260728-0816,FAU-DPA-001,LOT-2026-116,WO-2026-1032,2026-07-28T03:01:00.000Z
FAU74-20260724-0817,FAU-DPA-001,LOT-2026-116,WO-2026-1032,2026-07-24T20:31:00.000Z
FAU74-20260728-0818,FAU-DPA-001,LOT-2026-116,WO-2026-1032,2026-07-28T18:31:00.000Z
FAU74-20260725-0819,FAU-DPA-001,LOT-2026-116,WO-2026-1032,2026-07-25T00:52:00.000Z
FAU74-20260725-0820,FAU-DPA-001,LOT-2026-116,WO-2026-1032,2026-07-25T15:31:00.000Z
FAU74-20260728-0821,FAU-DPA-001,LOT-2026-116,WO-2026-1032,2026-07-28T02:30:00.000Z
FAU74-20260728-0822,FAU-DPA-001,LOT-2026-116,WO-2026-1032,2026-07-28T20:43:00.000Z
FAU74-20260728-0823,FAU-DPA-001,LOT-2026-116,WO-2026-1032,2026-07-28T23:23:00.000Z
FAU74-20260723-0824,FAU-DPA-001,LOT-2026-116,WO-2026-1032,2026-07-23T23:14:00.000Z
FAU74-20260723-0825,FAU-DPA-001,LOT-2026-116,WO-2026-1033,2026-07-23T14:23:00.000Z
FAU74-20260726-0826,FAU-DPA-001,LOT-2026-116,WO-2026-1033,2026-07-26T17:40:00.000Z
FAU74-20260724-0827,FAU-DPA-001,LOT-2026-116,WO-2026-1033,2026-07-24T12:44:00.000Z
FAU74-20260726-0828,FAU-DPA-001,LOT-2026-116,WO-2026-1033,2026-07-26T01:55:00.000Z
FAU74-20260722-0829,FAU-DPA-001,LOT-2026-116,WO-2026-1033,2026-07-22T13:08:00.000Z
FAU74-20260724-0830,FAU-DPA-001,LOT-2026-116,WO-2026-1033,2026-07-24T02:06:00.000Z
FAU74-20260727-0831,FAU-DPA-001,LOT-2026-116,WO-2026-1033,2026-07-27T12:10:00.000Z
FAU74-20260727-0832,FAU-DPA-001,LOT-2026-116,WO-2026-1033,2026-07-27T21:38:00.000Z
FAU74-20260727-0833,FAU-DPA-001,LOT-2026-116,WO-2026-1033,2026-07-27T20:56:00.000Z
FAU74-20260726-0834,FAU-DPA-001,LOT-2026-116,WO-2026-1033,2026-07-26T20:14:00.000Z
FAU74-20260728-0835,FAU-DPA-001,LOT-2026-116,WO-2026-1033,2026-07-28T01:45:00.000Z
FAU74-20260726-0836,FAU-DPA-001,LOT-2026-116,WO-2026-1033,2026-07-26T18:33:00.000Z
FAU74-20260724-0837,FAU-DPA-001,LOT-2026-116,WO-2026-1033,2026-07-24T16:12:00.000Z
FAU74-20260723-0838,FAU-DPA-001,LOT-2026-116,WO-2026-1033,2026-07-23T01:15:00.000Z
FAU74-20260727-0839,FAU-DPA-001,LOT-2026-116,WO-2026-1033,2026-07-27T13:11:00.000Z
FAU74-20260724-0840,FAU-DPA-001,LOT-2026-116,WO-2026-1033,2026-07-24T20:59:00.000Z
FAU74-20260728-0841,FAU-DPA-001,LOT-2026-116,WO-2026-1033,2026-07-28T20:58:00.000Z
FAU74-20260722-0842,FAU-DPA-001,LOT-2026-116,WO-2026-1033,2026-07-22T17:00:00.000Z
FAU74-20260725-0843,FAU-DPA-001,LOT-2026-116,WO-2026-1033,2026-07-25T22:52:00.000Z
FAU74-20260722-0844,FAU-DPA-001,LOT-2026-116,WO-2026-1033,2026-07-22T16:41:00.000Z
FAU74-20260725-0845,FAU-DPA-001,LOT-2026-116,WO-2026-1033,2026-07-25T16:22:00.000Z
FAU74-20260725-0846,FAU-DPA-001,LOT-2026-116,WO-2026-1033,2026-07-25T13:29:00.000Z
FAU74-20260725-0847,FAU-DPA-001,LOT-2026-116,WO-2026-1033,2026-07-25T13:47:00.000Z
FAU74-20260727-0848,FAU-DPA-001,LOT-2026-116,WO-2026-1033,2026-07-27T20:27:00.000Z
FAU74-20260727-0849,FAU-DPA-001,LOT-2026-116,WO-2026-1033,2026-07-27T00:05:00.000Z
FAU74-20260728-0850,FAU-DPA-001,LOT-2026-117,WO-2026-1034,2026-07-28T02:36:00.000Z
FAU74-20260727-0851,FAU-DPA-001,LOT-2026-117,WO-2026-1034,2026-07-27T13:49:00.000Z
FAU74-20260726-0852,FAU-DPA-001,LOT-2026-117,WO-2026-1034,2026-07-26T20:19:00.000Z
FAU74-20260724-0853,FAU-DPA-001,LOT-2026-117,WO-2026-1034,2026-07-24T03:07:00.000Z
FAU74-20260725-0854,FAU-DPA-001,LOT-2026-117,WO-2026-1034,2026-07-25T00:56:00.000Z
FAU74-20260722-0855,FAU-DPA-001,LOT-2026-117,WO-2026-1034,2026-07-22T13:38:00.000Z
FAU74-20260725-0856,FAU-DPA-001,LOT-2026-117,WO-2026-1034,2026-07-25T00:05:00.000Z
FAU74-20260724-0857,FAU-DPA-001,LOT-2026-117,WO-2026-1034,2026-07-24T03:46:00.000Z
FAU74-20260725-0858,FAU-DPA-001,LOT-2026-117,WO-2026-1034,2026-07-25T01:43:00.000Z
FAU74-20260723-0859,FAU-DPA-001,LOT-2026-117,WO-2026-1034,2026-07-23T02:26:00.000Z
FAU74-20260725-0860,FAU-DPA-001,LOT-2026-117,WO-2026-1034,2026-07-25T14:20:00.000Z
FAU74-20260722-0861,FAU-DPA-001,LOT-2026-117,WO-2026-1034,2026-07-22T15:14:00.000Z
FAU74-20260726-0862,FAU-DPA-001,LOT-2026-117,WO-2026-1034,2026-07-26T22:11:00.000Z
FAU74-20260723-0863,FAU-DPA-001,LOT-2026-117,WO-2026-1034,2026-07-23T18:32:00.000Z
FAU74-20260722-0864,FAU-DPA-001,LOT-2026-117,WO-2026-1034,2026-07-22T20:18:00.000Z
FAU74-20260726-0865,FAU-DPA-001,LOT-2026-117,WO-2026-1034,2026-07-26T21:04:00.000Z
FAU74-20260728-0866,FAU-DPA-001,LOT-2026-117,WO-2026-1034,2026-07-28T12:50:00.000Z
FAU74-20260724-0867,FAU-DPA-001,LOT-2026-117,WO-2026-1034,2026-07-24T20:25:00.000Z
FAU74-20260726-0868,FAU-DPA-001,LOT-2026-117,WO-2026-1034,2026-07-26T17:43:00.000Z
FAU74-20260725-0869,FAU-DPA-001,LOT-2026-117,WO-2026-1034,2026-07-25T17:13:00.000Z
FAU74-20260725-0870,FAU-DPA-001,LOT-2026-117,WO-2026-1034,2026-07-25T20:40:00.000Z
FAU74-20260727-0871,FAU-DPA-001,LOT-2026-117,WO-2026-1034,2026-07-27T02:59:00.000Z
FAU74-20260727-0872,FAU-DPA-001,LOT-2026-117,WO-2026-1034,2026-07-27T21:03:00.000Z
FAU74-20260722-0873,FAU-DPA-001,LOT-2026-117,WO-2026-1034,2026-07-22T15:22:00.000Z
FAU74-20260723-0874,FAU-DPA-001,LOT-2026-117,WO-2026-1034,2026-07-23T12:29:00.000Z
FAU74-20260728-0875,FAU-DPA-001,LOT-2026-117,WO-2026-1035,2026-07-28T15:51:00.000Z
FAU74-20260725-0876,FAU-DPA-001,LOT-2026-117,WO-2026-1035,2026-07-25T12:52:00.000Z
FAU74-20260723-0877,FAU-DPA-001,LOT-2026-117,WO-2026-1035,2026-07-23T19:26:00.000Z
FAU74-20260726-0878,FAU-DPA-001,LOT-2026-117,WO-2026-1035,2026-07-26T23:28:00.000Z
FAU74-20260727-0879,FAU-DPA-001,LOT-2026-117,WO-2026-1035,2026-07-27T20:06:00.000Z
FAU74-20260724-0880,FAU-DPA-001,LOT-2026-117,WO-2026-1035,2026-07-24T00:11:00.000Z
FAU74-20260727-0881,FAU-DPA-001,LOT-2026-117,WO-2026-1035,2026-07-27T12:09:00.000Z
FAU74-20260722-0882,FAU-DPA-001,LOT-2026-117,WO-2026-1035,2026-07-22T12:41:00.000Z
FAU74-20260726-0883,FAU-DPA-001,LOT-2026-117,WO-2026-1035,2026-07-26T18:02:00.000Z
FAU74-20260726-0884,FAU-DPA-001,LOT-2026-117,WO-2026-1035,2026-07-26T18:45:00.000Z
FAU74-20260728-0885,FAU-DPA-001,LOT-2026-117,WO-2026-1035,2026-07-28T19:00:00.000Z
FAU74-20260724-0886,FAU-DPA-001,LOT-2026-117,WO-2026-1035,2026-07-24T02:35:00.000Z
FAU74-20260725-0887,FAU-DPA-001,LOT-2026-117,WO-2026-1035,2026-07-25T14:49:00.000Z
FAU74-20260725-0888,FAU-DPA-001,LOT-2026-117,WO-2026-1035,2026-07-25T21:56:00.000Z
FAU74-20260724-0889,FAU-DPA-001,LOT-2026-117,WO-2026-1035,2026-07-24T13:39:00.000Z
FAU74-20260724-0890,FAU-DPA-001,LOT-2026-117,WO-2026-1035,2026-07-24T15:08:00.000Z
FAU74-20260728-0891,FAU-DPA-001,LOT-2026-117,WO-2026-1035,2026-07-28T21:53:00.000Z
FAU74-20260723-0892,FAU-DPA-001,LOT-2026-117,WO-2026-1035,2026-07-23T14:16:00.000Z
FAU74-20260723-0893,FAU-DPA-001,LOT-2026-117,WO-2026-1035,2026-07-23T18:59:00.000Z
FAU74-20260722-0894,FAU-DPA-001,LOT-2026-117,WO-2026-1035,2026-07-22T15:55:00.000Z
FAU74-20260728-0895,FAU-DPA-001,LOT-2026-117,WO-2026-1035,2026-07-28T16:24:00.000Z
FAU74-20260723-0896,FAU-DPA-001,LOT-2026-117,WO-2026-1035,2026-07-23T12:36:00.000Z
FAU74-20260723-0897,FAU-DPA-001,LOT-2026-117,WO-2026-1035,2026-07-23T00:06:00.000Z
FAU74-20260727-0898,FAU-DPA-001,LOT-2026-117,WO-2026-1035,2026-07-27T15:01:00.000Z
FAU74-20260722-0899,FAU-DPA-001,LOT-2026-117,WO-2026-1035,2026-07-22T20:56:00.000Z
FAU74-20260728-0900,FAU-DPA-001,LOT-2026-118,WO-2026-1036,2026-07-28T03:36:00.000Z
FAU74-20260727-0901,FAU-DPA-001,LOT-2026-118,WO-2026-1036,2026-07-27T23:36:00.000Z
FAU74-20260727-0902,FAU-DPA-001,LOT-2026-118,WO-2026-1036,2026-07-27T14:54:00.000Z
FAU74-20260724-0903,FAU-DPA-001,LOT-2026-118,WO-2026-1036,2026-07-24T23:11:00.000Z
FAU74-20260727-0904,FAU-DPA-001,LOT-2026-118,WO-2026-1036,2026-07-27T17:01:00.000Z
FAU74-20260724-0905,FAU-DPA-001,LOT-2026-118,WO-2026-1036,2026-07-24T17:23:00.000Z
FAU74-20260723-0906,FAU-DPA-001,LOT-2026-118,WO-2026-1036,2026-07-23T02:25:00.000Z
FAU74-20260727-0907,FAU-DPA-001,LOT-2026-118,WO-2026-1036,2026-07-27T14:47:00.000Z
FAU74-20260722-0908,FAU-DPA-001,LOT-2026-118,WO-2026-1036,2026-07-22T15:41:00.000Z
FAU74-20260726-0909,FAU-DPA-001,LOT-2026-118,WO-2026-1036,2026-07-26T12:32:00.000Z
FAU74-20260726-0910,FAU-DPA-001,LOT-2026-118,WO-2026-1036,2026-07-26T13:48:00.000Z
FAU74-20260728-0911,FAU-DPA-001,LOT-2026-118,WO-2026-1036,2026-07-28T18:06:00.000Z
FAU74-20260727-0912,FAU-DPA-001,LOT-2026-118,WO-2026-1036,2026-07-27T21:32:00.000Z
FAU74-20260722-0913,FAU-DPA-001,LOT-2026-118,WO-2026-1036,2026-07-22T23:39:00.000Z
FAU74-20260724-0914,FAU-DPA-001,LOT-2026-118,WO-2026-1036,2026-07-24T15:25:00.000Z
FAU74-20260723-0915,FAU-DPA-001,LOT-2026-118,WO-2026-1036,2026-07-23T23:54:00.000Z
FAU74-20260725-0916,FAU-DPA-001,LOT-2026-118,WO-2026-1036,2026-07-25T17:20:00.000Z
FAU74-20260722-0917,FAU-DPA-001,LOT-2026-118,WO-2026-1036,2026-07-22T16:44:00.000Z
FAU74-20260722-0918,FAU-DPA-001,LOT-2026-118,WO-2026-1036,2026-07-22T12:18:00.000Z
FAU74-20260727-0919,FAU-DPA-001,LOT-2026-118,WO-2026-1036,2026-07-27T18:48:00.000Z
FAU74-20260724-0920,FAU-DPA-001,LOT-2026-118,WO-2026-1036,2026-07-24T22:50:00.000Z
FAU74-20260728-0921,FAU-DPA-001,LOT-2026-118,WO-2026-1036,2026-07-28T21:49:00.000Z
FAU74-20260726-0922,FAU-DPA-001,LOT-2026-118,WO-2026-1036,2026-07-26T00:38:00.000Z
FAU74-20260725-0923,FAU-DPA-001,LOT-2026-118,WO-2026-1036,2026-07-25T21:38:00.000Z
FAU74-20260729-0924,FAU-DPA-001,LOT-2026-118,WO-2026-1036,2026-07-29T02:38:00.000Z
FAU74-20260723-0925,FAU-DPA-001,LOT-2026-118,WO-2026-1037,2026-07-23T16:03:00.000Z
FAU74-20260729-0926,FAU-DPA-001,LOT-2026-118,WO-2026-1037,2026-07-29T03:43:00.000Z
FAU74-20260729-0927,FAU-DPA-001,LOT-2026-118,WO-2026-1037,2026-07-29T01:15:00.000Z
FAU74-20260726-0928,FAU-DPA-001,LOT-2026-118,WO-2026-1037,2026-07-26T23:53:00.000Z
FAU74-20260725-0929,FAU-DPA-001,LOT-2026-118,WO-2026-1037,2026-07-25T00:58:00.000Z
FAU74-20260724-0930,FAU-DPA-001,LOT-2026-118,WO-2026-1037,2026-07-24T14:35:00.000Z
FAU74-20260726-0931,FAU-DPA-001,LOT-2026-118,WO-2026-1037,2026-07-26T20:48:00.000Z
FAU74-20260728-0932,FAU-DPA-001,LOT-2026-118,WO-2026-1037,2026-07-28T18:35:00.000Z
FAU74-20260725-0933,FAU-DPA-001,LOT-2026-118,WO-2026-1037,2026-07-25T02:43:00.000Z
FAU74-20260725-0934,FAU-DPA-001,LOT-2026-118,WO-2026-1037,2026-07-25T03:19:00.000Z
FAU74-20260724-0935,FAU-DPA-001,LOT-2026-118,WO-2026-1037,2026-07-24T17:49:00.000Z
FAU74-20260728-0936,FAU-DPA-001,LOT-2026-118,WO-2026-1037,2026-07-28T19:26:00.000Z
FAU74-20260724-0937,FAU-DPA-001,LOT-2026-118,WO-2026-1037,2026-07-24T13:07:00.000Z
FAU74-20260727-0938,FAU-DPA-001,LOT-2026-118,WO-2026-1037,2026-07-27T03:11:00.000Z
FAU74-20260727-0939,FAU-DPA-001,LOT-2026-118,WO-2026-1037,2026-07-27T20:20:00.000Z
FAU74-20260724-0940,FAU-DPA-001,LOT-2026-118,WO-2026-1037,2026-07-24T21:38:00.000Z
FAU74-20260725-0941,FAU-DPA-001,LOT-2026-118,WO-2026-1037,2026-07-25T02:38:00.000Z
FAU74-20260727-0942,FAU-DPA-001,LOT-2026-118,WO-2026-1037,2026-07-27T17:55:00.000Z
FAU74-20260726-0943,FAU-DPA-001,LOT-2026-118,WO-2026-1037,2026-07-26T13:13:00.000Z
FAU74-20260727-0944,FAU-DPA-001,LOT-2026-118,WO-2026-1037,2026-07-27T16:24:00.000Z
FAU74-20260726-0945,FAU-DPA-001,LOT-2026-118,WO-2026-1037,2026-07-26T20:25:00.000Z
FAU74-20260726-0946,FAU-DPA-001,LOT-2026-118,WO-2026-1037,2026-07-26T18:14:00.000Z
FAU74-20260727-0947,FAU-DPA-001,LOT-2026-118,WO-2026-1037,2026-07-27T16:00:00.000Z
FAU74-20260726-0948,FAU-DPA-001,LOT-2026-118,WO-2026-1037,2026-07-26T18:53:00.000Z
FAU74-20260727-0949,FAU-DPA-001,LOT-2026-118,WO-2026-1037,2026-07-27T18:53:00.000Z
FAU74-20260723-0950,FAU-DPA-001,LOT-2026-119,WO-2026-1038,2026-07-23T18:46:00.000Z
FAU74-20260727-0951,FAU-DPA-001,LOT-2026-119,WO-2026-1038,2026-07-27T22:12:00.000Z
FAU74-20260724-0952,FAU-DPA-001,LOT-2026-119,WO-2026-1038,2026-07-24T22:22:00.000Z
FAU74-20260724-0953,FAU-DPA-001,LOT-2026-119,WO-2026-1038,2026-07-24T01:33:00.000Z
FAU74-20260726-0954,FAU-DPA-001,LOT-2026-119,WO-2026-1038,2026-07-26T15:00:00.000Z
FAU74-20260723-0955,FAU-DPA-001,LOT-2026-119,WO-2026-1038,2026-07-23T17:59:00.000Z
FAU74-20260722-0956,FAU-DPA-001,LOT-2026-119,WO-2026-1038,2026-07-22T22:08:00.000Z
FAU74-20260724-0957,FAU-DPA-001,LOT-2026-119,WO-2026-1038,2026-07-24T12:23:00.000Z
FAU74-20260724-0958,FAU-DPA-001,LOT-2026-119,WO-2026-1038,2026-07-24T19:44:00.000Z
FAU74-20260727-0959,FAU-DPA-001,LOT-2026-119,WO-2026-1038,2026-07-27T13:23:00.000Z
FAU74-20260723-0960,FAU-DPA-001,LOT-2026-119,WO-2026-1038,2026-07-23T01:41:00.000Z
FAU74-20260725-0961,FAU-DPA-001,LOT-2026-119,WO-2026-1038,2026-07-25T23:42:00.000Z
FAU74-20260724-0962,FAU-DPA-001,LOT-2026-119,WO-2026-1038,2026-07-24T14:56:00.000Z
FAU74-20260723-0963,FAU-DPA-001,LOT-2026-119,WO-2026-1038,2026-07-23T20:51:00.000Z
FAU74-20260724-0964,FAU-DPA-001,LOT-2026-119,WO-2026-1038,2026-07-24T18:29:00.000Z
FAU74-20260729-0965,FAU-DPA-001,LOT-2026-119,WO-2026-1038,2026-07-29T03:36:00.000Z
FAU74-20260726-0966,FAU-DPA-001,LOT-2026-119,WO-2026-1038,2026-07-26T13:09:00.000Z
FAU74-20260726-0967,FAU-DPA-001,LOT-2026-119,WO-2026-1038,2026-07-26T14:12:00.000Z
FAU74-20260723-0968,FAU-DPA-001,LOT-2026-119,WO-2026-1038,2026-07-23T16:08:00.000Z
FAU74-20260726-0969,FAU-DPA-001,LOT-2026-119,WO-2026-1038,2026-07-26T15:04:00.000Z
FAU74-20260722-0970,FAU-DPA-001,LOT-2026-119,WO-2026-1038,2026-07-22T22:47:00.000Z
FAU74-20260727-0971,FAU-DPA-001,LOT-2026-119,WO-2026-1038,2026-07-27T19:36:00.000Z
FAU74-20260725-0972,FAU-DPA-001,LOT-2026-119,WO-2026-1038,2026-07-25T16:02:00.000Z
FAU74-20260727-0973,FAU-DPA-001,LOT-2026-119,WO-2026-1038,2026-07-27T02:41:00.000Z
FAU74-20260724-0974,FAU-DPA-001,LOT-2026-119,WO-2026-1038,2026-07-24T16:41:00.000Z
FAU74-20260727-0975,FAU-DPA-001,LOT-2026-119,WO-2026-1039,2026-07-27T02:49:00.000Z
FAU74-20260727-0976,FAU-DPA-001,LOT-2026-119,WO-2026-1039,2026-07-27T14:40:00.000Z
FAU74-20260722-0977,FAU-DPA-001,LOT-2026-119,WO-2026-1039,2026-07-22T16:53:00.000Z
FAU74-20260722-0978,FAU-DPA-001,LOT-2026-119,WO-2026-1039,2026-07-22T17:10:00.000Z
FAU74-20260725-0979,FAU-DPA-001,LOT-2026-119,WO-2026-1039,2026-07-25T03:46:00.000Z
FAU74-20260723-0980,FAU-DPA-001,LOT-2026-119,WO-2026-1039,2026-07-23T01:45:00.000Z
FAU74-20260724-0981,FAU-DPA-001,LOT-2026-119,WO-2026-1039,2026-07-24T00:12:00.000Z
FAU74-20260728-0982,FAU-DPA-001,LOT-2026-119,WO-2026-1039,2026-07-28T21:36:00.000Z
FAU74-20260723-0983,FAU-DPA-001,LOT-2026-119,WO-2026-1039,2026-07-23T17:16:00.000Z
FAU74-20260727-0984,FAU-DPA-001,LOT-2026-119,WO-2026-1039,2026-07-27T22:16:00.000Z
FAU74-20260727-0985,FAU-DPA-001,LOT-2026-119,WO-2026-1039,2026-07-27T18:21:00.000Z
FAU74-20260728-0986,FAU-DPA-001,LOT-2026-119,WO-2026-1039,2026-07-28T16:45:00.000Z
FAU74-20260727-0987,FAU-DPA-001,LOT-2026-119,WO-2026-1039,2026-07-27T20:33:00.000Z
FAU74-20260727-0988,FAU-DPA-001,LOT-2026-119,WO-2026-1039,2026-07-27T00:11:00.000Z
FAU74-20260724-0989,FAU-DPA-001,LOT-2026-119,WO-2026-1039,2026-07-24T17:31:00.000Z
FAU74-20260728-0990,FAU-DPA-001,LOT-2026-119,WO-2026-1039,2026-07-28T13:32:00.000Z
FAU74-20260726-0991,FAU-DPA-001,LOT-2026-119,WO-2026-1039,2026-07-26T17:36:00.000Z
FAU74-20260727-0992,FAU-DPA-001,LOT-2026-119,WO-2026-1039,2026-07-27T19:03:00.000Z
FAU74-20260723-0993,FAU-DPA-001,LOT-2026-119,WO-2026-1039,2026-07-23T01:46:00.000Z
FAU74-20260728-0994,FAU-DPA-001,LOT-2026-119,WO-2026-1039,2026-07-28T02:48:00.000Z
FAU74-20260723-0995,FAU-DPA-001,LOT-2026-119,WO-2026-1039,2026-07-23T18:05:00.000Z
FAU74-20260729-0996,FAU-DPA-001,LOT-2026-119,WO-2026-1039,2026-07-29T03:11:00.000Z
FAU74-20260728-0997,FAU-DPA-001,LOT-2026-119,WO-2026-1039,2026-07-28T21:08:00.000Z
FAU74-20260724-0998,FAU-DPA-001,LOT-2026-119,WO-2026-1039,2026-07-24T23:53:00.000Z
FAU74-20260726-0999,FAU-DPA-001,LOT-2026-119,WO-2026-1039,2026-07-26T16:53:00.000Z
FAU74-20260727-1000,FAU-DPA-001,LOT-2026-120,WO-2026-1040,2026-07-27T21:57:00.000Z